지역,제목,내용,작성일자,답변,답변일자,처리담당부서,추진상황
,제주특별자치도 제안서 평가위원 자격조건 수정 및 확대 제안,"현황 및 문제점
현재 제주특별자치도 및 산하 공공기관에서는 효율적인 운영을 위해 제안서 관련 평가위원을 모집해 필요할 때마다 활용하고 있어 매우 적절하게 되고 있으나 자격조건을 살펴보면 2012년7월21일부터 “전임강사”교원의 직위가 없어졌음에도 교원으로 지정해 운영되고 있다는 것을 확인하였습니다.
개선방안
이에 따라 제주특별자치도 및 산하 공공기관에서는 평가위원의 자격조건으로 명시된 “전임강사”는 1.고등교육법 부칙 제2조제1항“전임강사는 이 법에 따른 조교수로 본다.”, 2.교육공무원법 부칙 제3조제3항“‘교수,부교수,조교수,전임강사’를 ‘교수,부교수,조교수’로 한다.”, 3.교육공무원임용령 제3조제13항“제5조의2제1항제1호 다목 중 ‘조교수 및 전임강사’를 ‘조교수’로 한다.”로 되어 있는 바 평가위원 자격조건에 ‘대학의 해당분야 관련학과 전임강사 이상인 자’의 내용중 1안) 전임강사→조교수 또는 2안) 전임강사→강사 수정해 정확한 조건을 게시하는 것이 적절합니다.
또한, 실제 대학에서 재직중인 강사의 수요 및 우수한 인적자원의 활용하는 차원에서 확대하는 방안도 마련해 운영한다면 매우 좋다고 봅니다.
(견본1) https://www.jejusi.go.kr/etcboard/news.do?mode=detail¬ice_id=083d185309334b36be5ae4b109f46fa3
(견본2) https://www.jejusi.go.kr/etcboard/news_dong.do?mode=detail¬ice_id=13dae9ea11e44371bafb1a9cdfbd18f4
기대효과
사문화된 전임교원의 직위가 묵시적으로 진행되는 것은 매우 적절하지 않고 명확하게 자격조건을 제시하지 않아 오해와 불신을 야기하지 않도록 향후 이러한 내용이 게시되지 않도록 지속적인 관심과 모니터링을 통해 시민에게 신뢰받는 공적행정이 될 수 있는 작은 단초가 될 것입니다.",2022-11-20,"국민제안(1AB-2211-0015345)로 접수된 민원사항에 대하여 아래와 같이 답변하도록
하겠습니다.

□ 답변내용
안녕하십니까? 귀하께서 국민신문고를 통해 제안하신 민원에 대한 검토 결과를 다음과 같이 알려드립니다.

귀하께서 제출하신 제안의 내용은 「제주특별자치도 제안서평가위원회 구성 및 운영에 관한 규칙」 제2조(평가위원의 선정)에 명시된 전임강사 명칭에 관한 것으로 이해 됩니다.

귀하의 제안에 대한 검토결과는 다음과 같습니다.
전임강사 명칭 폐지에 따른 제안서 평가위원 자격조건 수정을 포함한 개정안은 현재 마련 중에 있으며, 제안하신 부분들이 반영되도록 노력하겠습니다.

답변 내용에 대한 추가 설명이 필요한 경우 회계과 고민경(☏064-710-6593)에게 연락주시면 친절히 안내해 드리도록 하겠습니다. 감사합니다. 끝.",2022-12-09,제주특별자치도,답변완료
,상수도 수질조정 자동드레인 장치 스마트하게 관리 철저히(관리 표지 부착),"현황 및 문제점
스마트 상수도 관리 체계는 수질, 수량, 수압 감시와 자동 배수설비, 정밀 여과장치 등을 관망에 설치해서 실시간 현황 감시 및 자동 관리가 가능한 시스템이다.
자동 배수장치(드레인)은 수돗물 공급과정에서 이상 수질 발생시 오염물질의 포함된 물을 자동으로 배출하는 장치로 실시간 모니터링 결과 수질 이상이 감지되면 신속하게 복구하는 것이 관건이다. 그런데 자동으로 배출된 물이 농지로 유입되어 무우 농가들이 피해를 입었음.
문제는 물이 자동으로 계속 배출되는데, 관리 부서를 찾지 못하여 3시간 이상을 그대로 배출시켜 관리에 문제점이 있음.
스마트 관망에 설치된 자동 수질측정장치는 24시간 수질을 점검하고 이상 수질이 발견되면 ‘자동 드레인 장치’를 작동시켜 문제가 된 관로에 자동으로 물을 배출하도록 한다.
개선방안
자동으로 물을 배출하는 과정에서 복구가 제대로 되지 않아 주변 농경지가 침수되는 사례가 발생하였다.
이상 수질이 발견되면 자동으로 배출하는 과정에서 관로를 우수관에 연결시키지 않고 그대로 배출하여 발생한 현상이라 할 수 있다.
자동 배수드레인 장치 관로를 그대로 노출 시키지 말고 우수관에 연결하여 배출되는 물로 인한 피해가 발생하지 않도록 개선해야함,
그리고 자동 배수드레인 장치 고장시에 빠른 조치가 필요한데 고장시에 신고를 할 수 있는 관리 표지판 설치 및 QR 코드를 부착하여 문제점 발견시에 빠른 신고가 가능하도록 개선하여 주시기 바랍니다.
기대효과
지역 상수도 시설물 스마트화로 시민들은 한층 깨끗한 수돗물을 먹을 수 있고, 철저한 물 관리로 안전한 물을 믿고 마실 수 있도록 물 관리 체계를 구축하는 것이다.
실시간 수량·수질 감시와 위기 신속대응으로 철저한 관리가 이루어짐.
수돗물은 우리 생활에 언제나 필요한 공공재이면서 건강, 위생과 관련된 필수재이기 때문이다.
파일1: 상수도 배전판에 관리을 위한 관리표지부착(고장시 신고 전화 및 QR 표지 부착으로 신속하게 신고함으로써 관리가 보다 스마트 하게 이루어짐)

파일2: 문제가 된 관로에 자동으로 물을 배출하는 과정에서 농경지로 그대로 배출되는 현상이 발생했는데, 관로를 우수관에 연결 시켜야 한.
파일3: 배출된 물이 농경지 침수로 이어짐.",2022-11-19,"1. 안녕하십니까? 귀하께서 국민신문고를 통해 신청하신 제안 1AB-2211-0014947에 대한 검토 결과를 다음과 같이 알려드립니다.

2. 귀하의 제안내용은 ""배출되는 물로 인한 피해가 발생하지 않도록 하고 관리표지를 설치하여 연락망을 구축""하는 것으로 이해됩니다.

3. 우선 문제가 발생한 서귀포시 표선면 오조리 367-6 자동드레인 오작동 로그 분석 및 제조사 합동 현장 점검 결과 수질계측기의 잔류염소 센서 이상이 원인임을 확인하였으며 자동 제어 시스템을 수정하여 일정 시간 이상 밸브가 열려 있을 때 관리자에게 문자 발송을 하여 경고를 보내고 동시에 밸브는 일정 시간 닫혀 자연유하 및 침투를 유도하도록 하였습니다.

4. 관리표지와 관련해서는 현재 제조사 연락처가 외함에 표시되어 있으나 상하수도본부 관리자 연락처도 추가로 표기할 예정입니다.

5. 자동드레인 시설 운영과 관련하여 제안해 주신 의견을 적극 반영하여 나갈 계획이며 앞으로 관리 체계를 강화하여 사고를 예방할 수 있도록 노력해 가겠습니다.

6. 소중한 의견을 보내주심에 감사드리며 추가 설명이 필요한 경우 누수방지과 강동혁 주무관(☏064-750-7918)에게 연락주시면 친절히 안내하여 드리겠습니다. 감사합니다. 끝.",2022-11-25,제주특별자치도,제안실현
,달러 및 짜투리 외국돈 모으기 운동 전개,"현황 및 문제점
.외국 여행후 소액 외화들이 각 가정 마다 사장되고 있다고 봄.(특히 달러)
.잔돈(소액)이기에 환전하기도 그만, 안해도 그만인 외화가 장롱속에서나 지갑속에서 잠자고 있다고 봄.
.국력 소비로만 판단하지 마시고 한 번만이라도 시도 해 보 았으면 함.(안된다고 무조건 포기하지 마시기를 바람.)
개선방안
. 국익 차원에서 외화보유가 국가 의무 이기에 제2 IMF 가
오지 않을것으로 보지 않기 때문에 미리 대비 하자는 것임.
. 외화 보유 및 나라빗이 조금이나마 상환이 가능할 것으로 봄.
. 위기는 순간이기에 예방 차원에서 절호의 기회라고 봄.
. 정부나 지자체에서 현 환율액이나 기회 차원에서 달러를 넉넉한 가격으로 매입하는 것도 국력에 바람직할 것으로 봄.
. 특히 달러에 관심을 가지고 각종 언론매체에 홍보나 매일 자막에 송출해 홍보로 인한 효과가 국력으로 모아야 한다 고 봄.
기대효과
. 해외여행을 좋아하는 국민 들이기에 버려진 많은 외화
동전, 지폐가 확보 될것으로 봄.
. 버려진 소액 이지만 국가 또는 지자체 특별사업으로 추진한 다면 나라빗 이나 지자체 빗이 다소 경감 될것으로 봄.",2022-11-15,"1. 안녕하십니까? 귀하께서 국민신문고를 통해 신청하신 제안 1AB-2211-0014947에 대한 검토 결과를 다음과 같이 알려드립니다.

2. 귀하의 제안내용은 ""배출되는 물로 인한 피해가 발생하지 않도록 하고 관리표지를 설치하여 연락망을 구축""하는 것으로 이해됩니다.

3. 우선 문제가 발생한 서귀포시 표선면 오조리 367-6 자동드레인 오작동 로그 분석 및 제조사 합동 현장 점검 결과 수질계측기의 잔류염소 센서 이상이 원인임을 확인하였으며 자동 제어 시스템을 수정하여 일정 시간 이상 밸브가 열려 있을 때 관리자에게 문자 발송을 하여 경고를 보내고 동시에 밸브는 일정 시간 닫혀 자연유하 및 침투를 유도하도록 하였습니다.

4. 관리표지와 관련해서는 현재 제조사 연락처가 외함에 표시되어 있으나 상하수도본부 관리자 연락처도 추가로 표기할 예정입니다.

5. 자동드레인 시설 운영과 관련하여 제안해 주신 의견을 적극 반영하여 나갈 계획이며 앞으로 관리 체계를 강화하여 사고를 예방할 수 있도록 노력해 가겠습니다.

6. 소중한 의견을 보내주심에 감사드리며 추가 설명이 필요한 경우 누수방지과 강동혁 주무관(☏064-750-7918)에게 연락주시면 친절히 안내하여 드리겠습니다. 감사합니다. 끝.",심사 중,제주특별자치도,제안심사
,한라산 등정 인증서발급제도 개선건의,"현황 및 문제점
한라산을 등정하려면 미리 예약신청을 한 후에 예약번호를 받아서 등정을 하고
등정을 마치면 정상에서 찍은 사진을 첨부해서
인증서를 신청하면 내려와서(성판악) 인증서를 출력하는 시스템으로 되어있습니다.
정작 인증서에는 인증사진이 들어가지 않습니다.
그런데 정상에서 인증사진을 찍으려면 줄을 서서 1시간 가량을 기다려야 해서
이점을 개선해야 할 것 같습니다.
정상에서는 피곤하고 춥고 바람이 많은데 줄을 선다는 것이 여간 고역이 아닙니다.
위험하기도 하구요.
굳이 인증사진을 보내지 않더라도 정상에 등정 QR코드를 핸드폰으로 인식만 하면
시스템에서 등정인증서를 카톡으로 보내주면 모두가 편리하게 한라산을 등정하고
인증서를 받을 수 있도록 개선을 부탁드립니다.
인증서 비용을 받는다면 결재시스템에서 결재를 하면 되겠지요?
시그템 개선이 어렵다면 인증사진 찍는 곳을 여러 개를 설치하여 장시간 기다리지 않고
인증사진을 찍도록 배려해주면 좋겠지요?
개선방안
굳이 인증사진을 보내지 않더라도 정상에 등정 QR코드를 핸드폰으로 인식만 하면
시스템에서 등정인증서를 카톡으로 보내주면 모두가 편리하게 한라산을 등정하고
인증서를 받을 수 있도록 개선을 부탁드립니다.
시그템 개선이 어렵다면 인증사진 찍는 곳을 여러 개를 설치하여 장시간 기다리지 않고
인증사진을 찍도록 배려해주면 좋겠지요?
기대효과
정상에서 대기시간이 없어서 편리하게 등정가능",2022-11-04,"1. 제안제목 : 한라산 등정 인증서 발급제도 개선 건의
2. 접 수 일 : 2022. 11. 04.
3. 제안요지 : 정상에서 QR코드 인증을 통한 등정 확인 및 인증서 발급 제안
4. 답변내용
- 안녕하십니까. 제주특별자치도 한라산국립공원관리소장 현윤석입니다. 한라산 등정인증서 관련하여 많은 관심과 좋은 의견을 주신데 감사의 말씀을 드립니다.
우선, 귀하께서 문의하여 주신 한라산 등정인증서는 인증사진의 GPS정보를 확인하여 백록담 반경 1km 내에서 찍힌 사진으로 확인되면 발급해 드리고 있음을 알려드립니다.
이에 따라 백록담 표지석 앞이 아닌 경우에도 발급이 되고 있으나, 해당 사실을 모르시고 표지석 앞에 장시간 줄을 서는 경우가 있어 백록담 정상에서 등정인증서 발급 안내 방송을 하고 있습니다. 앞으로도 발급방법에 대한 안내판을 제작·설치하여 해당 사실을 적극 홍보하도록 하겠습니다.
또한, 선생님께서 제안하여 주신 정상부 백록담 정상 표지석 추가 설치의 경우에는 한라산 백록담 정상 주변이 자연경관을 보존하기 위해 최소한의 시설만 설치할 수 있는 지역으로 추가설치에 어려움이 있으며, “정상 QR코드 인식을 통한 등정 인증”제안건에 대해서는 시스템 개선을 통해 가능한지 검토해 나가겠습니다.
이와 관련하여 추가적으로 문의사항이 있으시면 한라산국립공원관리소 성판악지소(064-725-9950), 공원운영팀 양혜열(064-710-7813)에게 전화주시면 성실하게 답변 드리겠습니다.
우리 제주특별자치도 도정업무에 관심을 가져주신데 대해 감사드리며, 앞으로도 좋은 의견 많이 제안해 주시기 바랍니다.",2022-11-09,제주특별자치도,답변완료
,제주도,"현황 및 문제점
제주도는 요즘 관광지로 다시 북적이고 있습니다.
제주도 만의 특색이 있는 벤치를 만들고 특색있는
벤치에 포토존으로 표시하면 좋을듯 합니다.
개선방안
제주도 만의 거리나 공원에 벤치는(해녀벤치.용두맘벤치.하루방벤치등)
기대효과
이렇게 특색있게 번치를 만들고 거기에 포토존표지를 하면 더 많은 사람들이 그 벤치에서 사진도 찍고 제주도에 왔다는 표시이고 sns에 더 많이 홍보를 할것 같습니다. 제주도 특색이 있는 벤치",2022-11-01,"1. 평소 시정 발전에 적극 협조하여 주시는 데 대하여 깊은 감사의 말씀을 드립니다.

2. 제주시청(공원녹지과)에서는 「도시공원 및 녹지 등에 관한 법률」제19조에 따라 도시공원을 관리하고 있습니다.

3. 도시공원의 시설물은 「제주특별자치도 공공디자인의 진흥에 관한 조례」에 따라 공공시설물의 표준디자인에 준하여 설치되어야합니다.

4. 도시공원 내 벤치는 다수가 이용하는 시설로, 보편적인 모양·규격으로 설치되어 있으므로 제안해주신 내용은 장기적으로 검토하여야할 사안으로 판단됩니다.

5. 제주시 도시공원에 대한 관심과 의견 제안에 감사드리며, 앞으로도 쾌적한 시설물 유지관리에 힘쓰겠습니다. 기타 문의사항은 제주시청 공원녹지과(064-728-3601~5)로 연락주시면 성심성의껏 답변 드리도록 하겠습니다.",2022-12-29,제주시,답변완료
,관광지 클린케어 제안,"현황 및 문제점
관광지 뿐만 아니더라도 어디에서든, 깨끗한 환경을 다함께 만들어 가보자는 취지로 사회구성원의 의식 수준 향상 및 참여 의식 에 대한 변화를 위해 조그만한 보탬이 되기를 기대하며 글을 씁니다.
사회구성원 모두가 지켜야 할 장소의 쓰레기 무단 투기 입니다.
개선방안
1.국내 관광지 입장시 종량제 쓰레기봉투 나누어주기
(입장료를 받는 장소,유인관리 하는 장소)
기대효과
입장료의 일 부분의 투자가 필요하지만, 종량제 쓰레기봉투를 나누어 줌으로서 사회구성원이 지켜야할 도덕에 대한 의식 수준이 향상 될거라고 확실한 기대를 하며 제안 드립니다.
(갖고간 쓰레기는 다시 가져와 쓰레기통에 버리기)
정착이 되고 사회구성원의 의식수준이 변화 되면 자연스럽게 기업들도 동참 할거라 생각 합니다.
감사합니다.",2022-10-31,"국민신문고를 통해 접수된 국민제안(1AB-2210-0020999)에 대하여 다음와 같이 답변하도록 하겠습니다.

다 음

안녕하십니까?

귀하께서 국민신문고를 통해 제안하신 1AB-2210-0020999에 대한 검토 결과를 다음과 같이 알려드립니다.

먼저 환경문제에 관심 가져주시고 제안을 해 주신 데 대하여 감사드립니다.

귀하께서 제안하신 관광지 입장시 종량제 쓰레기 봉투를 배부하는 내용은 귀하의 의견처럼 쓰레기 무단투기를 억제하고, 청정환경을 보전할 수 있는 좋은 제안으로 판단됩니다.

관광지 입장료의 일부를 쓰레기 종량제 봉투 무상지급에 투자하는 방안은, 관광지 입장료 산정시 종량제 봉투 비용은 포함되지 않으므로 입장료 인상이 불가피하고, 쓰레기를 버리지 않는 관광객도 부담하게 되는 문제가 있습니다. 폐기물 처리비용은 배출자가 부담하는 것이 원칙입니다. 이에 따라 도민 및 관광객에게 종량제 봉투를 구매하도록 하고 있습니다.

앞으로도 청정한 제주 환경을 보전해 나가기 위해 다각적인 노력을 기울이겠으며, 기타 궁금한 사항에 대해서는 생활환경과 폐기물관리팀(☎ 064-710-4303)로 연락하여 주시면 답변 드리도록 하겠습니다. 끝.",2022-11-08,제주특별자치도,답변완료
,도내 관광지 화장실 및 관광안내 표지판에 QR코드 확대로 제주 관광 홍보 필요,"현황 및 문제점
현재 제주도내 유명 관광지에 제주 관광을 알려주는 홍보물들이 부족한 실정으로 관광객들이 불편한 사항이다.
관광객들이 많이 찾는 성산일출봉, 만장굴 등 제주 직영 관광명소에 QR 코드 서비스가 확대 설치가 필요하다.
개선방안
관광객들이 많이 찾는 성산일출봉, 만장굴 등 제주 직영 관광명소 화장실 및 관광안내 표지판에 QR 코드 서비스가 확대 설치가 필요하다.

처음 온 낯선 관광지라 길을 찾기가 좀처럼 쉬지 않은 상황에 스마트폰을 꺼내 화장실 및 관광안내 표지판에 설치된 QR코드를 찍으면 바로 위치 및 주변 관광지를 알려준다.

따라서 관광객이 편리하게 접근할 수 있도록 QR코드가 추가된 화장실 및 관광안내 표지판에 QR코드에 영어, 일본어, 중국어도 첨부하여 외국인에게도 정보 확인이 가능하도록 개선이 필요함.

파일1. 화장실 안에 설치된 QR코드로 잠시 쉬면서 주변 관광지를 확인 할 수 있음.
파일2: 사람들 왕래가 많은 곳 보도블록에 설치된 모습.
기대효과
QR코드를 스캔해 접속하는 모바일 페이지에는 현재 위치에서 얼마나 떨어져 있는지, 상세 정보를 알려줌으로써 많은 관광객을 유치하는데 큰 효과가 있을 것으로 기대됨.

제주도를 찾는 관광객 및 지역주민의 편의 도모와 더불어 주변 관광지 홍보를 통한 지역경제 활성화에 기여할 것으로 기대됨,",2022-10-29,"국민신문고 국민제안(1AB-2210-0018621)건에 대하여 아래와 같이 답변하도록 하겠습니다.


1. 안녕하십니까. 귀하께서 국민신문고를 통해 신청하신 민원(신청번호 1AB-2210-0018621)에 대해 검토결과를 다음과 같이 알려드립니다.

2. 귀하께서 제출하신 제안의 내용은 ""도내 관광지 화장실 및 관광안내 표지판에 QR코드 설치를 통한 제주관광 홍보""에 관한 것으로 이해됩니다.

3. 귀하의 제안에 대한 검토 결과는 다음과 같습니다.
가. 도내 관광지 홍보 방안으로 QR코드를 활용하는 것은 좋은 제안이라고 생각합니다.
나. 다만, 현재 도에서 운영 중인 공영관광지는 총 60개소로, 제주 관광지 정보를 포함한 QR코드 제작 및 부착을 위해서는 추가 투입 예산을 필요로 하므로, 장기적인 검토가 필요하다고 판단됩니다.
다. 귀하께서 제안해주신 사항에 대해서는 향후 우리 도의 재정여건, 관광지 홍보 파급효과 등을 감안하여 검토해 나가도록 하겠습니다.

4. 답변 내용에 대한 추가 설명이 필요한 경우 제주특별자치도 관광정책과 손혜정 주무관(☎064-710-3344)에게 연락주시면 성실히 답변토록 하겠습니다.
감사합니다.

끝.",2023-01-04,제주특별자치도,답변완료
,제주도 유기견 방지 정책 제안,"현황 및 문제점
유기견이 제주도에서 많이 일어나는 데
주인이 누구인지 알기 어려우며 유기견 문제로 청결한 이미지에 금이 갈 상황
개선방안
제주도에 방문하는 관광객은 방문에 가지고 들어가는 소지물품을 자세하게 적는다
동물이 있을 시 사진 등을 다 찍고 연락처 등을 기록을 하고
관광객을 맞이한다.

다시 제주도를 나가려는 관광객 중 동물과 함께 온 관광객에게는 들어 올 때 함께 온 동물과
함께 나가는지 등을 확인 한다.

만약 함께 못 나가고 관광객만 나간다면 차후에 동물 보호법 학대 등
법적 책임과
제주도에서 남아있을 동물이 발견이 되면 배송관련 비용과 동물 보호 관련 비용 까지 청구 한다.
기대효과
제주도에 들어오는 관광객에게 좋은 추억만을 남기고 가는 아름다운 제주를 만들 수 있다.

동물 보호에 앞장서는 제주도 이미지를 높일 수 있다.",2022-10-29,"1. 관련: 국민신문고 국민제안 [신청번호1AB-2210-0018358]
2. 국민신문고에 접수 된 국민제안 건의건에 대하여 아래와 같이 답변(불채택)을 등록하여 처리하겠습니다.
□ 건의내용
○ 유기동물 방지대책(공항만 동물 동행인 관련 확인 등) 제안
□ 국민제안 답변내용(불채택)
○ 안녕하십니까. 귀하께서 정책 의견으로 국민 제안하신 '제주도 유기견 방지 정책 제안'에 대하여 아래와 같이 답변드립니다.
○ 귀하의 정책 제안에 대하여 감사의 말씀을 드리며, 제안내용이 현재 필요한 정책임에는 공감을 합니다.
○ 다만, 현재 관련규정의 부재, 항공사 및 선사 등과의 협조 관계 등 현실적으로 당장 시행해 나가기에는 어려움이 있습니다.
○ 이와 관련하여 목 주변에 동물등록 칩을 이식하는 동물등록방법 외에 생체인식(안면 등) 기반 기술을 관련업체, 학계 등과 함께 개발해 나가고 있음을 말씀 드리며,
○ 생체인식 동물등록 기술이 개발 완료되면 공항·항만 등에서 도내 반입되는 반려동물에 대한 적절한 관리대책을 도입하여 활용하는 방안을 검토해 나갈 계획입니다.
○ 이외에도 유기동물 사전저감을 위한 중성화 수술지원, 동물등록 지원, 성숙한 반려문화 캠페인 등 유기동물 방지 정책을 상시 추진하고 있음을 참고로 알려드립니다.
○ 위와 관련하여 추가적으로 문의사항이 있으시면 제주특별자치도 동물방역과 김영곤(☏064-710-2665)에게로 연락주시면 성실하게 답변드리겠습니다. 감사합니다.
끝.",2022-11-25,제주특별자치도,답변완료
,제주공항 길잡이.,"현황 및 문제점
며칠전 육지 다녀오는길에 버스정류장에서 외국인 여성이 두리번거리는걸 보게되었다.
버스 노선표를 두리번거리며 핸드폰을 보는데 버스로 가는 행선지를 찾는것같았다.
가서 말을 건내보니 중문으로 어느곳으로가는 버스를 찾는다했다.
본인도 육지서 온지 얼마안되어 버스 노선 읽는것에 익숙치않았지만
주위분과 대화하여 외국인에게 도움을 줄수 있었다.

나도 외국서 살아봤지만 길 찾는것과 같은 사소한 도움도 외지인에겐 큰 도움이 되는걸 알고있다.
개선방안
공항은 넓지도 않으니 은퇴한 외국어 가능한 분들이 돌아다니며
외국인들의 버스타는것등.행선지로 가는 교통편 안내를하는것도
좋으리라 생각한다.
예산도 봉사를 바탕으로 하는거니까 식대와 교통비,음료대 정도로,
봉사시간도 체력안배를 하여 서너시간 정도로하면 노인들 사회참여와
건강한 생활에 도움이 되리라 생각한다.
또한 시니어들이 말을걸면 외국인들이 두려워하지도 않을거라 생각한다.
기대효과
개선방향으로 갈음함.",2022-10-28,"국민신문고 국민제안(1AB-2210-0017780건에 대하여 아래와 같이 답변하도록 하겠습니다


1. 안녕하십니까?
귀하께서 국민신문고를 통해 신청하신 민원(1AB-2210-0017780)에 대한 검토
결과를 다음과 같이 알려드립니다.

2. 귀하의 민원내용은 ""제주공항에 외국어 가능한 가능한 노인 자원봉사자 배치,
교통편안내요원 배치 필요성“에 대해 제안하신 내용으로 이해 됩니다.

3. 우선, 제주의 공·항만과 도내 주요관광지에 안내센터를 운영하여 외국어 가능한
직원을 배치하여 국내·외 관광객 대상 전문적인 관광정보 및 편의서비스를 제공
하고 있으며, 제주관광정보센터에서는 제주관광안내를 비롯한 불편신고 뿐만
아니라, 언어소통이 어려운 외국인 대상 제주 관광 정보를 안내하고 있으며,
다국어로 채팅 번역 서비스 등을 제공하고 있습니다

- 귀하께서 제안하신 내용은 한국공항공사 제주지역본부, 제주관광공사, 제주특별
자치도관광협회와 사업의 필요성 및 효과성에 대한 의견을 수렴하여 필요시 배치
하는 방안을 검토하도록 하겠습니다.
4. 귀하의 질문에 만족스러운 답변이 되었기를 바라며, 귀하께서는 민원 처리결과에
대한 만족도 여부에 참여하실 수 있습니다, 또한 답변 내용에 대한 추가 설명이
필요한 경우 관광정책과 고순정 주무관(☏064-710-3317))에게 연락주시면 친절히 안내하여 드리겠습니다.
감사합니다.",2022-11-28,제주특별자치도,답변완료
,자가구동 수동기어 킥보드로 국민생활체육증진,"현황 및 문제점
전동 킥보드로 운동효과 기대못함
개선방안
곳곳의 공원이나 체육시설도로 통해서. 누구나
수동기어 킥보드로 안전하게 운동을 즐긴다
기대효과
각지역의 상권활성화에도 기여되며 척추 운동에도
큰 효과",2022-10-19,"1. 관련
가. 국민신문고 국민제안 신청/접수 1AB-2210-0011611/2AB-2210-0008371(2022.10.19.)호

2. 귀하께서 도정발전을 위해 의견을 주심에 감사드리며, 요청하여주신 국민제안 '자가구동 수동기어 킥보드로 국민생활체육증진'에 대하여 다음과 같이 안내드립니다.

3. 자가구동 수동기어 킥보드의 활성화를 위한 제도개선등에 대하여는 체육활동에 있어 운동수단의 선택은 개인의 자율적인 문제로 도 조례, 지침 등으로 규정하기 곤란함을 양해하여 주시기 바랍니다.

4. 다만, 도내 공공체육시설을 확충 또는 개선할 시 귀하께서 제시하여 주신 내용을 참조하여 더 나은 방안이 마련될 수 있도록 하겠습니다. 감사합니다. 끝.",2022-11-24,제주특별자치도,답변완료
,자가구동 수동킥보드로 국민체육증진,"현황 및 문제점
전동 킥보드로 운동효과 기대못함
개선방안
곳곳의 공원이나 체육시설도로 통해서. 누구나
수동기어 킥보드로 안전하게 운동을 즐긴다
기대효과
각지역의 상권활성화에도 기여되며 척추 운동에도
큰 효과",2022-10-19,신청번호 1AB-2210-0011611와 동일 사안으로 기 답변처리 완료,2022-11-24,제주특별자치도,답변완료
,제주시 한림읍 도로 개선안,"현황 및 문제점
한림은 관광산업에 많이 뒤떨어져 있습니다
주변 애월은 관광산업에 많은 투자를 하고 있는데
한림은 수산업과 농업으로만 정책을 정하신 것인지 투자를 하지 않아요
제안 드리는 곳은 충분히 멋진 경관과 산책로를 가지고 있지만
관리가 되지 않아 어느 시골길 같은 분위기가 납니다
개선방안
제주 올레길 15코스 한림해안로 514-13 지점
도로 볼라드? 가드레일? 돌을 파스텔톤 무지개색으로 페인트 도색
(첨부파일 참조)
기대효과
이호테우 무지개 해안도로처럼 페인트칠만 해도 도로 분위기가 확 살 것 같습니다
뒤로는 갈대밭이 멋지게 드리워져 있고
한림을 찾는 관광객분들이 그냥 지나치는 길이 아니라
기분 좋게 사진 한 장 찍어갈 수 있는 도로가 되리라고 봅니다
시설은 돼 있기 때문에 페인트칠만 해도 효과는 충분하리라 보고
큰 예산이 필요하지 않을 것 같습니다",2022-10-14,"1. 안녕하십니까? 귀하께서 국민신문고를 통해 건의하여 주신 국민제안(신청번호 1AB-2210-0007768)에 대한 검토 결과를 다음과 같이 알려드립니다.

2. 귀하의 건의내용은 ""한림읍 관내 한림해안로 방호벽 도색 요청""에 관한 것으로 이해됩니다.

3. 귀하의 건의사항에 대해 검토한 의견은 다음과 같습니다.
가. 현재 한림해안로(귀덕리 3826번지 인접) 약 110m 설치된 방호벽은 도로와 인접토지의 높이차로 인하여 안전사고를 방지할 목적으로 설치되어있습니다.
나. 해당 방호벽을 도두동 무지개해안도로와 같이 도색을 할 경우, 관광객 등 방문객 수요증가 효과를 기대할 수 있다고 판단되니 적극 반영할 수 있도록 검토하겠습니다.
다. 다만, 제안사항에 대하여 예산검토, 주민의견 수렴 등으로 인해 다소의 시간이 소요될 것으로 판단되니 이점 양지하여 주시기 바라며, 앞으로도 많은 국민제안 및 의견을 주시면 감사하겠습니다.

4. 귀하의 건의사항에 만족스러운 답변이 되었기를 바라며, 답변 내용에 추가 설명이 필요한 경우 한림읍사무소 건설팀(☎064-728-7683)로 연락주시면 친절히 안내해 드리도록 하겠습니다. 감사합니다. 끝.",2022-11-23,제주시,답변완료
,제주도청 홈페이지 하단 버스시간/노선안내(제주버스정부시스템) 개선필요,"현황 및 문제점
시민 중심의 버스준공영제에 누구나 쉽게 목적지에 가는 버스를 찾는 것은 크게 어렵지 않다.
제주국제공항에서 목적인인 00000까지 검색을 해보니 여러가지 문제가 있었다.
막대한 예산이 투입된 버스 준공영제 및 대중교통체계등에 대한 세밀한 진단을 바탕으로 개선안을 마련해 나가야 한다.
제주도청 홈페이지 하단 버스시간/노선안내(제주버스정보시스템)을 클릭해서 한번에 찾기에 예를 들어 112번을 검색하면 5개의 검색 안내가 나온다.
0: 112(성산항)
제주국제공항(표선, 성산, 남원) >>성산항
112번에 필요없는 표선, 남원이 표시되어 있음(표선, 남원 삭제)
1: 112(제주국제공항)
성산항>>제주국제공항
2: 112 제주버스 터미널(종점)
성산항>>제주버스 터미널(종점)
112번 종점은 제주국제공항임.
3: 112(성산항)
제주국제공항(표선,성산,남원)>>성산항
표선, 남원은 필요없는 지역임. 관광객들 혼동함
4: 112(제주국제공항)
성산항>> 제주국제공항
5: 112 제주버스 터미널(종점)
성산항>> 제주버스 터미널
성산항에서 출발하는 종점은 제주국제공항으로 잘못 표기됨.
이처럼 다른 노선도 검색해보니까 오류들이 많이 발견되어 버스정보시스템 개선 작업이 필요함.
개선방안
버스정보 시스템은 간단하고 정확하게 표시되어야 함.
예를 들어 112 버스 노선은 1: 제주국제공항 >> 성산항 2: 성산항 >> 제주국제공항으로 2가지로 간단히 표시한 다음에 각 경유 정보와 노선 시간을 정확하게 기입하면 됨.

일부 pc에서는 버스 시간표도 검색되지 않고 있어 개선이 필요하고 예를 들어 현황 및 문제점에 제기한 112 버스시간표를 검색하면 노선경유지는 바르게 표시되지만 시간표는 5가지 모두 성산항에서 제주국제공항으로만 시간표가 검색됨.
제주국제공항에서 성산항으로는 버스시간표가 검색되지 않고 있어 개선이 필요함.
다른 노선들도 개선이 필요함 즉, 제주버스정보시스템 정비 작업이 필요함.
첨부 파일1: 노선경유도를 살펴보면 노선 종점 표시가 잘못되었음. 표기도 성산에서 제주국제공항으로 표기 해야 함. 111.112 성산항에서 출발 종점은 제주버스터미널이 아니고 제주공항임.
첨부파일2: 버스시간표가 성산항>> 제주공항, 제주공항>>성산항 모두가 성산항에서 출발하는 시간표로 표시되어 있어 제주공항에서 출발하는 시간표도 개선되어야 함
첨부파일3: 노선 경유는 제주국제공항에서 성산항 이지만 버스 시간표는 성산항에서 제주공항으로 표시되어 있어 대대적인 개선이 필요함
기대효과
보다 정확하고 안전한 정보 전달로 제주 관광지 우수성 및 대중 교통이 편리함을 홍보 할 수 있음.
대중교통이 편리함으로 보다 많은 사람이 대중 교통을 이용함으로써 수입 증대 및 자가용 이용자들이 버스 이용으로 교통사고 예방에 효과",2022-10-12,"○ 안녕하십니까? 귀하께서 국민신문고를 통해 신청하신 제안 1AB-2210-0006580에 대한 검토 결과를 다음과 같이 알려드립니다.

○ 먼저, 112번 버스 기점 종점 표시 부분의 제주국제공항1(표선,성산,남원) 표기는 제주국제공항 내 위치한 정류소의 명칭임을 알려드립니다. 이는 탑승객의 승차위치 혼동을 막기 위하여 제주국제공항1(표선,성산,남원), 제주국제공항2(일주동로,516도로), 제주국제공항3(용담,시청) 등 방면을 표기하여 운영하고 있습니다.

○ 또한, 112번 버스는 야간운행 2대에 한해 공항까지 운행하지 않고 터미널에서 운행 종료하고있어 별도로 종점지를 제주버스터미널로 관리하고있습니다.

○ 앞으로 대중교통 이용 편의 증진을 위하여 버스정보시스템 개선 등에 최선을 다하겠습니다. 답변 내용에 대한 추가 설명이 필요한 경우 대중교통과(☏064-710-4329)로 연락주시면 친절히 안내하여 드리겠습니다. 감사합니다.",2022-11-07,제주특별자치도,답변완료
,지방조례개편에 의한 재산권 침해,"현황 및 문제점
이번 조례개편 공고내용중 생산녹지내 일종근생중 휴게음식점 및 이종근생중 일반음식점 등의 전면 불허에 대해 것은
개인의 재산권 행사에 대한 막대한 침해를 주는 행정개편임
개선방안
전면 불허에 대한 공고를 취소나 원점 재검토를 요구함
기대효과
개인 소유권 침해에 대한 법적 문제 야기 방지",2022-10-06,"1. 귀하께서 국민신문고에 제안하신 사항은 도시계획 조례 개정안 중 ""생산녹지지역에서 제1종근린생활시설 중 휴게 음식점 및 제2종근린생활시설 중 일반음식점에 대하여 허용 요청""한 사항으로 판단되며, 검토의견은 아래와 같습니다.

- 생산녹지지역은 농지전용을 합리적으로 규제하고 조정하기 위하여 지정된 농업진흥지역과 시가화 또는 개발을 엄격하게 규제할 필요가 있는 농지 등이 있는 지역을 생산녹지지역으로 지정하고 있습니다.
- 생산녹지역에서는 「건축법 시행령 」별표1, 제3호의 제1종 근린생활시설 중 휴게음식점과 제4호의 제2종 근린생활시설 중 일반음식점을 허용 요청한 사항에 대하여는 용도지역의 지정취지를 고려하여 타당성여부를 검토해 나갈 예정임을 알려드리오니 이점 양지하여 주시기 바랍니다.

2. 귀하의 제안에 만족스러운 답변이 되었기를 바라며, 답변내용에 대한 추가 설명이 필요한 경우 도시계획재생과 김덕용(☎064-710-2683)에게 연락주시면 친절히 안내 하겠습니다.",2022-11-22,제주특별자치도,답변완료
,재현 행사에 대한 제한 하기,"현황 및 문제점
안녕하십니까 저는 외도동에 사는 고석만 이라고 합니다 저는 한가지 제한 하나 할까 합니다 제주도에서는 현재 까지
탐라 제주목사 부임 행령 반차도에 대한 재현적인 행사가 없어 제주 도민으로 참 아쉽니다 탐라 순록도 기록의 하면 제주목사가 부임하는날 제주목관아까지 행령 반차도 기록에 있으나 제주도에서는 광광 차원에서 재현행사를 했으면 합니다 이런 타지방에서는 이런 것이 관광차원 및 먹거리 부가가치 활성화 하고 있는 실정입니다 물론 탐라문화제 보다 별개로 더욱 재현행사
을 자주 했으면 합니다
제가 올린 사진은 탐라시대 때 제주목사 부임 하는 과정에 대한 제주목사 행렬 반차도 입니다
개선방안
관광 목적 및 문화재현 행사 목적
자주 재현 행사를 했으면 합니다
기대효과
탐라문화재 이외 외국인 국내 관광 볼거리 먹거리 또한 학생 들에게는 역사교육에 관한 재현 행사",2022-09-29,"2022.10.4. 국민신문고로 접수된 제안(1AB-2209-0018991)에 대해 아래와 같이 답변하도록 하겠습니다.

□ 제안자 및 제안사항
- 제 안 자: 고석만(010-9604-5778)
- 제안사항: 제주목사 부임 행차 재현행사가 없어 관광차원에서 재현행사를 했으면 함

□ 답변내용
안녕하십니까 귀하께서 제안하신 신청번호 1AB-2209-0018991에 대해 답변드리겠습니다.

우선, 제주 역사와 제주도정 발전을 위한 제안을 주신 점에 대하여 깊은 감사의 말씀 드립니다. 귀하께서 제안하신 부분은 조선시대 제주목사 부임 시 행차에 대한 재현행사에 관한 것으로 생각됩니다.

귀하께서 첨부하신 사진은 제주목사의 부임 시 행렬행차 재현이 아닌 나주목사의 도임 행렬행차 재현도로 안타깝게도 제주목사의 부임 시 행렬행차에 대한 그림 등이 현전하지 않아 보다 더 깊은 연구와 고증이 필요한 부분입니다.

제주목사의 부임 시 행차도는 남아 있지 않으나 제주목사가 직접 방어의 실태와 군민의 풍속을 살피면서 제작한 <탐라순력도>의 정의조점 등 일부분에 목사의 순력 행차도는 남아있습니다.

이처럼 현전하는 자료들을 바탕으로 현재 제주도정에서는 단편적이나마 정의현감 행차 재현, <탐라순력도> 제주양로 재현 행사 등을 진행하고 있으며 앞으로도 이와 같은 행사를 지속적으로 개최할 예정입니다.

귀하께서 제시해주신 제안에 대해 만족스러운 답변이 되었기를 바라며, 추가적인 부분이 필요한 경우 세계유산본부 문화유적관리과(064-710-6713)로 연락주시면 친절히 안내해드리겠습니다. 끝.",2022-10-31,제주특별자치도,답변완료
,청년정책 최우선으로 1인가구(결혼장벽) 파괴.,"현황 및 문제점
.인구는 국력이므로 지자체의 청년 정책을 최우선 순위로 세워야만 한다.
.지자체, 각 공공기관장이 나라를 구하는 차원에서 결혼할 수 있도록 직접 설득하고 강제성을 띄워야 한다.
.인구감소로 미래충격을 받기 전에 사회적 합의는 불필요하다고 본다. 필수프로그램으로 추진해야 한다.
.청년 정책의 선순위는 1인가구를(결혼 장벽) 허무는 일이다.
.애국심과 도덕성이 결여된 사람은 별도의 프로그램으로 설득해야 한다.
.구국의 일념으로 소리 없는 혁명을 한다는 차원에서 접근해야 한다.(나라를 구한다는 정신으로)
개선방안
.지자체에서 먼저 중마장이 역할을 주도해야 한다.(필수)
.각 공공기관장이 앞장, 우선 공공 기관에서 시범 실시 후 일반확대.
.공공 기관에 재직하는 만혼, 비혼자에게 독신세 의무 부과.
( 확대 실시 1년 후 전체 미혼자에게 부과. 필수)
.비,미혼자에게 각종 혜택 보류 또는 차등 정책.
.지자체에 결혼 중마과 신설, 확대 조직 개편
.결혼비용(각종사업비 축소 및 폐지로 예산 확보)
.출산 및 양육비용은 지자체에서 지원.
기대효과
.결혼 정책으로 미래를 축복으로 바꾸는 청년한국을 만들자.
.아이가(구성원) 있어야 만사가 형통(창출)이다.
.세상만사 인구가 없으면 나라도 없고 만사가 올스톱이다.
.합동 결혼 지자체에서 추진.(베트남과 중국과 200명 합동 결혼사례 공유)
(만혼과 비혼의 장벽을 허무는 천리장성은 없는가?)",2022-09-22,"안녕하십니까? 귀하께서 국민신문고에 제안(1AB-2209-0013254)하신 의견에 대한 검토 결과를 다음과 같이 알려드립니다.

귀하의 제안내용은 ""결혼장려를 위한 각종 정책(중매과 신설, 독신세 부과, 결혼비용 지원, 출산 및 양육비용 지원 등) 추진""에 관한 사항으로 이해됩니다.

귀하의 제안에 대하여 검토한 의견은 다음과 같습니다.

우리 도에서는 저출산 극복을 위해 첫만남이용권 지급, 영아수당 및 영유아 보육료 지원, 신혼부부 등 주택전세자금 대출이자 지원 등 2022년 기준 23개 사업을 추진하고 있습니다.

특히, 지난해부터 제주도에서만 시행하고 있는 “해피아이정책”을 통해 둘째 이상 출산가정에 5년간 1,400만원의 주거임차비 또는 1,000만원의 육아지원금을 선택하여 지급받을 수 있도록 하고 있습니다.

다만, 귀하께서 제안하신 결혼중매과 신설, 독신세 부과, 결혼비용 지원 등은 지방재정의 여건을 고려하고 충분한 사회적 합의가 필요하므로 신중하게 검토해야할 사항임을 양해하여 주시기 바랍니다.

귀하께서 주신 소중한 의견에 감사드리며, 답변과 관련하여 추가적으로 문의사항이 있으신 경우 제주특별자치도 여성가족청소년과 가족친화팀(☎064-710-2871~4)으로 연락주시면 성실하게 답변 드리겠습니다.",2022-10-19,제주특별자치도,답변완료
,일반행정처리,"현황 및 문제점
인감증명서 발급시 주민등록증을 제시 했는데 지문 확인하는데 꼭 이렇게 해야하는지요 뭔가 번거롭게 2번 체크하는것 같습니다.
개선방안
주민등록증만으로 확인.
기대효과
번거로움해결,시간절약,예산절약",2022-09-09,"국민제안(1AB-2209-0005395)번과 관련하여 심사 결과를 붙임과 같이 통보하도록 하겠습니다.

1. 안녕하십니까? 귀하께서 국민신문고를 통해 건의하여 주신 국민제안(신청번호 1AB-2209-0005395)에 대한 검토 결과를 다음과 같이 알려드립니다.

2. 귀하의 건의내용은 ""인감증명서 발급 시 신분증 확인 외 지문추가 확인 생략”에 관한 것으로 이해됩니다.

3. 귀하의 건의사항에 대해 검토한 의견은 다음과 같습니다.
가. 최근 인감증명서의 부정 발급으로 재산 피해 등 사건사고가 발생하고 있는 바, 담당 공무원은 인감 발급 시 신분확인을 엄격히 하여 사건사고 예방에 최선을 다하고 있습니다.
나. 담당자는「인감증명법 시행령」제13조제4항에 따라 인감증명서 발급 시 주민등록증 등에 의하여 본인, 대리인, 성년후견인임을 확인하여야 합니다. 다만, 주민등록증 등(사진 대조 등)에 의하여 신청인의 신분확인이 곤란한 경우에는 같은법 제7조제6항에 따른 방법으로 이를 확인하게 되어 있습니다.
※ 「인감증명법 시행령」제7조제6항: 신분확인이 곤란한 경우에는 인감신고인의 무인을 주민등록전산자료나 관계 중앙행정기관이 관리하고 있는 자료와 전자적 방법으로 대조하여 확인하여야 한다.
다. 「인감증명법 시행령」에도 신분증으로 신분확인이 곤란한 경우를 제외하고 지문확인은 보조적인 수단으로 활용하도록 명시되어 있는 바, 신분증으로 본인임이 확실히 확인되는 경우에는 처음부터 지문확인을 하지 않도록 관련 교육을 실시하도록 하겠습니다.

4. 귀하의 건의사항에 만족스러운 답변이 되었기를 바라며, 답변 내용에 추가 설명이 필요한 경우 제주시청 종합민원실 배정민 주무관(064-728-2104)로 연락주시면 친절히 안내해 드리도록 하겠습니다. 감사합니다. 끝.",2022-09-19,제주시,답변완료
,제주 516도로 숲터널,"현황 및 문제점
제주특별자치도 516도로에 문제점.
도로상의 문제는 아닙니다.
도로안으로 자라는 나무가지들이 대형차량이 지나갈때마다 부딪치고, 차량에 심한 스크레치를 남깁니다.
일반 중소형 차량들은 괜찮지만,
516도로는 차폭이 좁아서 대형차량들에게는 심한 저항을 줍니다.
그 삐져나온 나뭇가지 피하려다 사고날뻔한 경우가 허다합니다.
예전에 대형차량도 나뭇가지 피하려다 사고 난걸로 아는데,

주변사람들이 전국적으로 제주도 공무원들이 일 안하기로 소문났습니다.

아직도 공무원이 벼슬인냥 빳빳한 공무원분들이 많습니다.

중앙정부에서 관리 좀 부탁드립니다.


개선방안
매년 3회이상 516도로 뿐만 아니라 일반도로안으로 삐져나온 가로수 관리를 철저히 해주시기를 바랍니다.

기대효과
원활한 교통환경및 사고예방.

도로관리 미흡으로 인한 차량손상 손해배상 방지차원.",2022-09-06,"가. 귀하께서 국민신문고를 통해 신청하신 제안 1AB-2209-0003381에 대한 검토결과를
아래와 같이 알려드립니다.
나. 귀하의 민원내용은 ""5.16도로 숲터널 나뭇가지로 인한 통행 불편"" 에 관한 것
으로 이해됩니다.
- 우리 도에서는 숲터널 등 산림이 우거진 도로에 대하여 연 2~3회 가지치기
정비를 시행하여 쾌적하고 안전한 도로 환경 조성을 위하여 노력하고 있습니다.
- 귀하께서 건의하신 사항에 대하여 서업계획 수립시 참고 하도록 하겠습니다.
다. 귀하의 질문에 만족스러운 답변이 되었기를 바라며, 답변 내용에 대한 추가 설명이
필요한 경우 도로관리과 김대길 주무관(☏064-710-8618)에게 연락주시면 친절히
안내하여 드리겠습니다. 감사합니다.",2022-10-14,제주특별자치도,제안실현
,"제주 대정읍 보호구역 지정, 돌고래 선박 관광 금지를 부탁드립니다.","현황 및 문제점
안녕하세요 고등학교 3학년 학생입니다. 현재 '이상한 변호사 우영우' 의 흥행으로 돌고래 관광 산업의 수요가 증가한 것을 알게 되었습니다. 저도 우영우를 보면서 돌고래를 보고 싶다는 생각을 했고요. 하지만 그에 따라 돌고래가 받는 피해는 어마 어마 합니다. 먼저 돌고래 관광 산업의 주된 활동은 배를 타고 돌고래의 서식지로 가게 되는데, 그때 발생하는 충돌 위험과, 돌고래들이 느끼는 끊임없는 위협, 공동 사냥의 방해를 받아 먹이 섭취에 어려움을 느낄 수 있는 등 문제가 없다고 할 수 없습니다. 또 초음파를 이용해 하는 휴식과 사교 활동도 방해를 받습니다. 첨부 파일은 8월 4일 목격된 지느러미가 잘린 남방큰돌고래와 해수부 규정을 어기고 동시에 4대나 운영한 돌고래 선박 관광들 입니다.
개선방안
제주 대정읍 보호구역 지정, 돌고래 선박 관광 금지를 정부에서 법으로 금지해주셨으면 합니다.
기대효과
만약 법으로 제정한다면 좀 더 강력하고 직접적으로 돌고래의 안전을 지킬 수 있습니다. 제일 쉽고 빠른 방법이기도 합니다. 돌고래가 개체 수가 많은 종도 아니고 몇몇 종은 멸종 위기의 위험에 놓여있기 때문에 충분히 이유가 된다고 생각합니다.",2022-08-30,"1. 귀하의 국민신문고 제안요지에 대해 아래와 같이 답변드립니다.

2. 도내 남방큰돌고래 생태관광업체는 총4개소로 대정읍 지역에 3개, 구좌읍 1개업체가 영업을 하고 있습니다. 우리 도와 해수부는 해양보호생물인 남방큰돌고래 보호를 위해 관찰가이드 준수권고와 계도 활동을 하고 있습니다.

3. 이와 더불어 해양수산부에서는 남방큰돌고래 등 해양보호생물의 이동이나 먹이활동을 방해하는 관찰활동 시 과태료 부과기준을 마련하였고 관찰활동 세부기준 등을 준비중에 있음을 안내드립니다.

4. 이와 관련된 문의 사항이나 궁금한 점이 있으시면 해양산업과 문성현 주무관에게 연락(064-710-3223)주시면 자세히 답변해드리겠습니다. 끝.",2022-10-21,제주특별자치도,답변완료
,아름다운 함덕해변과 서우봉해안 둘레길 조성의 건,"현황 및 문제점
제주에서 여행객들의 발길이 주로 애월 한림 방향으로 집중되는 것을 분산시키고 잘 알려지지않은 서우봉(함덕에서 북촌리 해동마을까지의 해안)둘레길을 데크로 조성함으로서 관광객들을 유치하고 서우봉 해안에 일본군국주의 상징인 진지터널을 일반에게 더 가까이 개방함으로서 역사에 대한 경각심과 학습의 효과 등 일석이조의 효과를 누릴 수 있을 것 같다.
개선방안
함덕에서 북촌리 해동마을까지 해안 데크길 조성.
기대효과
함덕을 찾는 여행객들에게 해수욕장의 비경뿐만 아니라 서우봉둘레 바다의 아름다음과 진지터널을 더 가까이 개방함으로서 역사적인 교훈으로 삼을 수도 있겠다. 또한 함덕에서 북촌리 해동마을까지의 산책로가 생김으로 해서 함덕에서 숙박하는 여행객들의 산책 코스로서도 사랑받을 수 있을 것이다.",2022-08-24,"1. 안녕하십니까. 귀하께서 국민신문고를 통해 제안하신 국민제안( 1AB-2208-0020287)에 대하여 다음과 같이 알려드립니다.

2. 귀하께서 제안하신 내용은 '서우봉해안 둘레길 조성'에 관한 내용으로 판단되며 이에 대한 검토 의견은 다음과 같습니다.
가. 귀하께서 제안하신 서우봉 구간은 현재 올레길 18코스로 이용되고 있는 구간으로, 옛날 제주사람들이 걸어다닌 길위에 최소한의 손질을 더해 자연 그대로의 길을 유지하려는 제주 올레길의 취지와 다소 방향성이 맞지 않아 부득이하게 귀하의 제안을 채택하지 않기로 하였으니 양해 부탁드립니다.

3. 귀하의 질문에 만족스러운 답변이 되었기를 바라며, 답변내용에 대해 추가 설명이 필요한 경우 제주시 관광진흥과(728-2762)로 연락 주시면 친절히 안내해드리도록 하겠습니다. 끝.",2022-09-26,제주시,답변완료
,수중 관광 시설 설치,"현황 및 문제점
제주도의 해양 관광이 잠수함이나 스쿠버 다이빙 같이 접근성이 어려운 것 아니면 수중을 관찰 할 수 있는 방법이 없다.
개선방안
투명한 재질로 해변 근처 수중에 관광객이 들나들 수 있는 안전한 수중 관광 시설을 개발 및 설치하여 관광객들이 간편하게 수중을 관람하게 한다.
기대효과
바다 속을 일반인들이 간편하게 관광 할수 있는 시설은 전 세계 적으로 전무후무 함으로 세계적인 명소가 되어 제주도의 관광지로서의 명성이 더 높아지고 관광 수입도 더 증대 된다.",2022-08-24,"1. 제주특별자치도 해양산업 발전에 관심을 가져주셔서 감사드립니다.
2. 귀하께서 제안하신 사항은 ""관광객들이 간편하게 수중을 관람할 수 있는 시설을 설치하여 관광지로서의 명성 제고 및 관광수입 증대""로 이어지길 바라는 제안으로 이해되며 해당 제안건에 대하여 심사결과를 다음과 같이 회신합니다.
3. 현재 해외뿐만 아니라 울릉도에서도 해중전망대를 운영하고 있으며, 제주도 내에서는 지역마을 및 어촌계, 개인사업자가 참여해 우도 해중전망대 조성사업을 위한 각종 인허가 절차를 진행하고 있음을 알려드립니다.
4. 제주도의 해양산업 발전을 위한 제안에 감사드리며, 앞으로도 지속적인 관심 부탁드립니다. 이와 관련된 문의사항이나 궁금한 점이 있으시면 해양산업과 김윤일 주무관(064-710-3258)에게 연락주시면 자세히 답변드리겠습니다. 감사합니다. 끝.",2022-10-17,제주특별자치도,답변완료
,제주도 영어교육도시 NLCS 등하교 시 교통혼잡 개선 제안,"현황 및 문제점
제주도 서귀포시 대정읍 영어교육도시 NLCS 진입로는 등하교 시에 극심한 교통 혼잡을 경험하고 있습니다.
그 원인은 등하교 시에 학교에서 나오는 차량과 들어가는 차량의 동선이 뒤엉키기 때문이며, 현재의 신호등 시스템은 10년째 지속되는 극심한 교통정체 현상을 해결할 수 없습니다.
개선방안
교통정체의 해법은 신호등 없이도 차량의 흐름이 끊기지 않도록 진입로 두 곳에 원형교차로를 신설하고, 학교 정문 앞 도로는 일방통행 체계로 개선하여 진출입 차량의 혼선을 막는 것입니다.
기대효과
이렇게 하면 학교 정문과 후문 쪽의 차량 진출입과 관련한 동선의 충돌을 막을 수 있고, 신호등 때문에 발생하는 차량 흐름의 정체현상을 방지하게 되면서 원활한 차량 소통이 이루어 질 것입니다. 오랫동안 현지의 교통 혼잡을 경혐하면서 생각한 해법입니다.",2022-08-23,"1. 제주특별자치도 해양산업 발전에 관심을 가져주셔서 감사드립니다.
2. 귀하께서 제안하신 사항은 ""관광객들이 간편하게 수중을 관람할 수 있는 시설을 설치하여 관광지로서의 명성 제고 및 관광수입 증대""로 이어지길 바라는 제안으로 이해되며 해당 제안건에 대하여 심사결과를 다음과 같이 회신합니다.
3. 현재 해외뿐만 아니라 울릉도에서도 해중전망대를 운영하고 있으며, 제주도 내에서는 지역마을 및 어촌계, 개인사업자가 참여해 우도 해중전망대 조성사업을 위한 각종 인허가 절차를 진행하고 있음을 알려드립니다.
4. 제주도의 해양산업 발전을 위한 제안에 감사드리며, 앞으로도 지속적인 관심 부탁드립니다. 이와 관련된 문의사항이나 궁금한 점이 있으시면 해양산업과 김윤일 주무관(064-710-3258)에게 연락주시면 자세히 답변드리겠습니다. 감사합니다. 끝.",심사 중,서귀포시,제안심사
,제주시내 무인경전철 건설,"현황 및 문제점
제주시내 교통란,공항인근 렌터카문제,관광객증가에 따른 차량증가(렌터카포함),제주시내 거주인 및 관광객 (대중)교통불편
개선방안
삼화지구-구제주-제주공항-신제주-애월 구간 전철 신설
(구제주-제주공항-신제주)구간은 지하화
동구간은 운항간격 축소 운행
기대효과
위 문제점들 해소.
도민뿐만 아니라 관광객 이용 편의제공
제주 제2공항 실질적 반대여론(지역이기주의)잠재울 수 있음
트램설치 불필요
그 자체가 관광상품(특히 해안조망 지상구간)
장기적으로 2차구간(화순-중문-서귀포-혁신도시-중앙동R.-곶자왈)도 신설가속도

★정부 예산 동의 과제?",2022-08-07,"1. 제주도정 발전을 위한 제안에 감사드립니다. 아울러 유선상으로 설명드린 바와 같이 최초 접수 후 많은 기간이 소요(제주도청 교통정책과 10월 12일 지정)된 점 양해부탁드립니다.
2. 신교통수단의 도입은 막대한 건설비를 수반하는 사업으로 관련 법령과 절차에 따라 국비를 확보하기 위한 타당성 검토과정이 반드시 필요한 상황입니다.
3. 제주도정은 지난 2019년 도시교통정비 중기계획상 국토교통부의 신교통수단 선정 가이드라인을 토대로 다양한 신교통수단에 대한 가능성 여부를 검토한 바 있으며, 이 과정에서 경전철(2량)의 경우 중량 이상의 수송능력을 가지는 장점에도 불구, km 당 건설비가 526억원 수준으로 노면전차(5량) 227억원, 바이모달 트램 115억원 등 대비 과다한 상황으로 경제성 확보가 어려울 것으로 판단되는 상황입니다.
4. 따라서, 아쉽게도 제안주신 사항은 부득이 불채택 하였으나, 현재 제주도는 제3차 국제자유도시종합계획 상 제주 트램 계획을 반영하여 ""제주 트램 도입을 위한 사전 타당성 검토용역""을 진행중에 있는바, 다양한 가능성에 대해 적극적으로 검토하도록 하겠습니다.
추가적인 질문은 제주도청 교통정책과(064-710-2414)로 전화주시면 답변드리도록 하겠습니다.
감사합니다.",2022-10-13,제주특별자치도,답변완료
,백록담을 백두산 천지처럼 만들자,"현황 및 문제점
제주도 백록담은 화산석으로 이루져 있어 빗물이 고여 있질 않아 우기에만 잠깐 백록담을 볼 수 있다. 따라서 1년내내 물이 고여있는 백록담을 볼 수 있다면 관광차원에서 좋을뿐만 아니라 그 고여있는 빗물을 활용할 수 있어 일거양득이 될 수 있을 것이다. 세계 최고수준의 대한민국 토목기술이라면 방수포를 깔던지 방수제를 이용하던지 조금만 연구를 하면 가능하지 않을까 생각한다. 오늘 신문에 난 기사를 보고(우기가 만든 백록담) 생각나서 제안해 본다.
개선방안
비가 내리는 우기에만 볼 수 있는 백록담이 안타깝다. 백두산 천지처럼 일년내내 물이 고여있는 백록담을 볼 수있기를 바라는 마음에서 제안을 해본다. 세계 최고수준의 대한민국 토목기술이라면 방수포를 깔던지 방수제를 이용하던지 조금만 연구를 하면 가능하지 않을까 생각한다. 오늘 신문에 난 기사를 보고(우기가 만든 백록담) 생각나서 제안해 본다.
기대효과
땀을 비오듯 쏟으며 백록담을 보러갔는데 물도 없는 백록담을 보고오는 맘들이 참으로 안타까웠다. 1년내내 물이 고여있는 백록담을 볼 수 있다면 국내관광뿐만 아니라 외국 관광객 홍보에도 유용하게 이용할 수 있을 것이며 ( 대한민국 토목기술로 백록담을 만들었다는---) 그 물을 계속 돌려 인공폭포도 주변 기암절벽을 이용하여 만든다면 관광차원에서 좋을뿐만 아니라 그 고여있는 빗물을 다양하게 활용할 수 있어 좋을 것이다.",2022-08-03,"한라산국립공원에 깊은 관심을 가지시고 제안을 주신데 대하여 감사의 말씀을 드립니다. 선생님께서 제안해 주신 사안에 대해 회신하여 드립니다.
한라산은 국립공원이며 천연기념물 제182호로 우리가 보존해야 할 소중한 유산이며 한라산국립공원은 자연경관을 보존하기 위해 최소한의 시설만 설치할 수 있는 지역입니다. 또한, 백록담의 방수포 설치와 관련해서는 인위적인 복구보다는 자연 그대로 존치하는 것이 바람직 하다는 입장입니다.
우리 제주특별자치도 도정 업무에 관심을 가져주신 데 대해 감사드리며, 앞으로도 많은 의견 주시기 바랍니다.",2022-09-27,제주특별자치도,답변완료
,제주도 환상 자건거길 정비가 필요합니다.,"현황 및 문제점
2022년7월16일~18일 3일간 제주도 환상자전거길을 다녀왔습니다.
총 234km구간으로 파란색 라인을 따라 대부분의 해안로를 달릴수있는 정말 환상적인 코스임에 분명했습니다.
하지만 문제점이 있습니다.

첫번째로 자전거길에 쓰레기는 거의 없다고 해도 무방할 정도로 쓰레기는 없지만, 자전거 타이어를 위협하는 자갈이 너무 많습니다.
자갈이 없는 구간보다 자갈이 많은 구간이 더 많습니다. 환상자전거길에 자전거 정비소는 단 한군데도 못봤습니다. 펑크나는 순간 모든게 끝입니다.

두번째로 공사구간이나, 아스팔트를 새로 포장한 도로는 파란색 실선이 없어서 당황하기 일수였습니다.

세번째로 교차로에서 길을 잃기 십상입니다. 교차로에 진입하면 진로 방향이 직진이라도
실선이 일괄적으로 우측으로 꺾여있어서 우회전인가보다 하고 우회전을 했다가 실선이 안보여서 주위를 둘러보게 됩니다.
시력이 보통 좋지 않으면 건너편에 다시 시작되는 실선을 보기는 쉽지 않습니다.
좌회전을 해야되는 구간에서 실선을 보기는 거의 불가능한데
미리 직진,우회전,좌회전을 해야된다는 표지판이 있긴하지만 턱없이 부족합니다.
교차로에서는 자전거 특성상 위험예지를 위해서 차량이 오는지 확인해야 하는데 차량을 보랴, 실선을 찾으랴 너무 어려웠습니다.
개선방안
첫번째로, 주기적인 진공청소 차량 및 인원을 투입하여 자갈 제거 작업을 해야합니다. 로드자전거의 타이어는 펑크에 취약합니다.
문제점에서 언급한 바 펑크나는 순간 모든 계획이 펑크납니다.

두번째로, 마찬가지- 주기적인 도색을 하거나 좀더 두껍고 잘보이는 페인트 재질로 확실하게 도색이 필요합니다.

세번째로 실선이 끝나는 구간에는 끝부분을 도로 꺾인 방향으로 매듭짓지 말고, 직진, 좌회전, 우회전을 정확하게 표기해야합니다.
기대효과
최근 코로나19가 다시 증가세를 보이고 있지만 코로나 초기,중기 보다 관광객이 많이 늘었고
자전거 인구도 상당수 늘었습니다.
자전거길이 완벽히 정비되면 입소문을 타고 많은 라이더들이 모일테고 그만큼 관광수입도 늘어날 것 입니다.
그리고 무엇보다 안전하고 편안한 자전거길이 회복됨으로 사고가 줄어들어 인명피해가 급감할것입니다.",2022-07-21,"한라산국립공원에 깊은 관심을 가지시고 제안을 주신데 대하여 감사의 말씀을 드립니다. 선생님께서 제안해 주신 사안에 대해 회신하여 드립니다.
한라산은 국립공원이며 천연기념물 제182호로 우리가 보존해야 할 소중한 유산이며 한라산국립공원은 자연경관을 보존하기 위해 최소한의 시설만 설치할 수 있는 지역입니다. 또한, 백록담의 방수포 설치와 관련해서는 인위적인 복구보다는 자연 그대로 존치하는 것이 바람직 하다는 입장입니다.
우리 제주특별자치도 도정 업무에 관심을 가져주신 데 대해 감사드리며, 앞으로도 많은 의견 주시기 바랍니다.",심사 중,제주시,제안심사
,제주도 환상 자건거길 정비가 필요합니다.,"현황 및 문제점
2022년7월16일~18일 3일간 제주도 환상자전거길을 다녀왔습니다.
총 234km구간으로 파란색 라인을 따라 대부분의 해안로를 달릴수있는 정말 환상적인 코스임에 분명했습니다.
하지만 문제점이 있습니다.

첫번째로 자전거길에 쓰레기는 거의 없다고 해도 무방할 정도로 쓰레기는 없지만, 자전거 타이어를 위협하는 자갈이 너무 많습니다.
자갈이 없는 구간보다 자갈이 많은 구간이 더 많습니다. 환상자전거길에 자전거 정비소는 단 한군데도 못봤습니다. 펑크나는 순간 모든게 끝입니다.

두번째로 공사구간이나, 아스팔트를 새로 포장한 도로는 파란색 실선이 없어서 당황하기 일수였습니다.

세번째로 교차로에서 길을 잃기 십상입니다. 교차로에 진입하면 진로 방향이 직진이라도
실선이 일괄적으로 우측으로 꺾여있어서 우회전인가보다 하고 우회전을 했다가 실선이 안보여서 주위를 둘러보게 됩니다.
시력이 보통 좋지 않으면 건너편에 다시 시작되는 실선을 보기는 쉽지 않습니다.
좌회전을 해야되는 구간에서 실선을 보기는 거의 불가능한데
미리 직진,우회전,좌회전을 해야된다는 표지판이 있긴하지만 턱없이 부족합니다.
교차로에서는 자전거 특성상 위험예지를 위해서 차량이 오는지 확인해야 하는데 차량을 보랴, 실선을 찾으랴 너무 어려웠습니다.
개선방안
첫번째로, 주기적인 진공청소 차량 및 인원을 투입하여 자갈 제거 작업을 해야합니다. 로드자전거의 타이어는 펑크에 취약합니다.
문제점에서 언급한 바 펑크나는 순간 모든 계획이 펑크납니다.

두번째로, 마찬가지- 주기적인 도색을 하거나 좀더 두껍고 잘보이는 페인트 재질로 확실하게 도색이 필요합니다.

세번째로 실선이 끝나는 구간에는 끝부분을 도로 꺾인 방향으로 매듭짓지 말고, 직진, 좌회전, 우회전을 정확하게 표기해야합니다.
기대효과
최근 코로나19가 다시 증가세를 보이고 있지만 코로나 초기,중기 보다 관광객이 많이 늘었고
자전거 인구도 상당수 늘었습니다.
자전거길이 완벽히 정비되면 입소문을 타고 많은 라이더들이 모일테고 그만큼 관광수입도 늘어날 것 입니다.
그리고 무엇보다 안전하고 편안한 자전거길이 회복됨으로 사고가 줄어들어 인명피해가 급감할것입니다.",2022-07-21,"한라산국립공원에 깊은 관심을 가지시고 제안을 주신데 대하여 감사의 말씀을 드립니다. 선생님께서 제안해 주신 사안에 대해 회신하여 드립니다.
한라산은 국립공원이며 천연기념물 제182호로 우리가 보존해야 할 소중한 유산이며 한라산국립공원은 자연경관을 보존하기 위해 최소한의 시설만 설치할 수 있는 지역입니다. 또한, 백록담의 방수포 설치와 관련해서는 인위적인 복구보다는 자연 그대로 존치하는 것이 바람직 하다는 입장입니다.
우리 제주특별자치도 도정 업무에 관심을 가져주신 데 대해 감사드리며, 앞으로도 많은 의견 주시기 바랍니다.",심사 중,서귀포시,제안심사
,"일반인, 사회적 배려계층 등 대상 면역력 검사 서비스 시행","현황 및 문제점
- 최근NK세포의 활성도가 폐암 등 호흡기 질환과 연관성이 있어, NK 세포 활성도 검사가 중증 폐암 진단의 바이오마커 및 호흡기 질환 치료 모니터링 지표가 될 수 있다는 내용으로 연구논문이 벌표되고,차움의 이윤경 교수와 분당차병원 가정의학과 김영상 교수팀의 이번 연구 결과는 국제 의학 학술지 ＇임상의학저널＇(JCM) 최신호에 게재되었다는 기사를 접하였습니다.

- NK세포는 체내 1차 방어작용(선천면역)을 대표하는 면역세포로, 비정상세포나 암세포를 인지하고 사멸하는 기능을 가지고 있어 면역력 유지를 위해서는 활성도를 높이는 것이 중요하다고 합니다.-차움 이윤경 교수는 ""이번 연구 결과를 통해 호흡기 감염이 있는 환자는 NK세포 활성도가 낮아 면역 검사와 관리가 필요하다는 것을 확인할 수 있었다""며 ""특히 기침, 가래, 비염 등이 빈번하게 재발하는 경우 약물치료, 운동, 식이요법 등 평상시에도 면역력을 높일 수 있는 관리를 해야 한다""고 밝혔다.

- 최근 코로나19가 재유행 되고 있고 면역력의 중요성이 대두되고 면역력을 높일 수 있는 관리가 필수적이라고 생각되는데 대다수의 국민들은 자신의 면역력이 얼마나 되는지,어떻게 관리해야 하는지 모르고 있어서 면역력관리를 위한 정책이 필요하다고 생각됩니다.
개선방안
- “NK세포 활성도 검사”를 통하여 혈액내에 존재하는 암세포나 감염세포등을 제거할 수 있는 NK세포의 능력을 측정하여 면력력을 수치화 하는 검사인 “면역력 지표검사”를 시행
- 일반일을 대상으로예산 범위 내 선착순 검사 (단, 코로나19 확진자 및 자가격리자, 사회적 배려계층, 건강관리 대상자 우선 고려)
- 검사제외자 선별: 스테로이드제, 항히스타민제, 항암제 복용중인자, 임신4개월 이하, 만20세미만 등
- 1회 검사, 검사결과 경계 또는 이상구간일 경우 재검사 서비스 제공과맞춤형건강관리 상담 제공
- 검사 결과 통보는 국민편리를 위해문자 또는 이메일 통보, 방문시는 검사결과지 제공
- NK세포활성도검사 실시 사례(의료기관 3,000여곳 시행) : 감염성질환에 대한 면역력으로 단체생활이나 대국민 서비스 현장에 근무하는 근로자, 소방공무원(특히 119구급대), 해양경비대, 경찰공무원, 군인(집단생활), 의료기관 종사자 등

- 근거법령 : 국민건강증진법 제19조(건강증진사업 등) 등
제19조(건강증진사업 등) 
① 국가 및 지방자치단체는 국민건강증진사업에 필요한 요원 및 시설을 확보하고, 그 시설의 이용에 필요한 시책을 강구하여야 한다.
② 특별자치시장ㆍ특별자치도지사ㆍ시장ㆍ군수ㆍ구청장은 지역주민의 건강증진을 위하여 보건복지부령이 정하는 바에 의하여 보건소장으로 하여금 다음 각호의 사업을 하게 할 수 있다. 
1. 보건교육 및 건강상담
2. 영양관리
3. 신체활동장려
4. 구강건강의 관리
5. 질병의 조기발견을 위한 검진 및 처방
6. 지역사회의 보건문제에 관한 조사ㆍ연구
7. 기타 건강교실의 운영등 건강증진사업에 관한 사항
③ 보건소장이 제2항의 규정에 의하여 제2항제1호 내지 제5호의 업무를 행한 때에는 이용자의 개인별 건강상태를 기록하여 유지ㆍ관리하여야 한다. 
④ 건강증진사업에 필요한 시설ㆍ운영에 관하여는 보건복지부령으로 정한다. 
기대효과
- 법령에 의한 국민 건강관리와 건강상태 유지관리
- 국민 건강관리를 통한 건강보험 기금 지출 절감
- 국민 건강증진을 통한 대국민 건강 서비스 질 향상
- 국민 신체활동장려
- 질병의 조기발견을 위한 검진 및 처방가능
- 지역사회의 보건문제에 관한 조사ㆍ연구자료로 활용가능",2022-07-21,"1. 안녕하십니까?
귀하께서 국민신문고를 통해 신청하신 제안 1AB-2207-0021427에 대한 검토 결과를 다음과 같이 알려드립니다.

2. 귀하의 제안내용은 ""NK세포 활성도 검사 지원""에 관한 것으로 이해 됩니다.

3. 귀하의 제안내용에 대해 검토한 의견은 다음과 같습니다.
가. “NK세포 활성도 검사(정밀면역검사)”는 22년 3월 보건복지부 건강보험정책심의위원회 적합성평가 결과 유효성이 불분명하다고 판단되었으며, 이를 바탕으로 보건소에서 지역주민의 면역력을 수치화하여 제공하는 것은 그 효과성이 미비할 것으로 예상되어 귀하의 제안을 불채택하게 되었음을 안내드립니다.
나. 해당 검사는 필요시 기존 검진기관 등에서 실시할 수 있으며, 면역력 유지 및 활성화를 위해서는 충분한 수면, 식이, 운동 등 건강생활실천이 가장 중요합니다.
다. 저희 보건소에서는 이를 위하여 “모바일 헬스케어사업” 등 건강생활실천 사업을 운영하여 건강위험요인(혈압, 혈당, 중성지방 등) 등이 있는 대상자에게 검진, 상담, 교육 등을 제공하여 지속 관리하는 사업을 운영하고 있으니 참고 바랍니다.

4. 귀하의 질문에 만족스러운 답변이 되었기를 바라며, 답변 내용에 대한 추가 설명이 필요한 경우 제주보건소 보건행정팀 최현철(☏064-728-4022))에게 연락주시면 친절히 안내하여 드리겠습니다. 감사합니다. 끝.",2022-07-26,제주시,답변완료
,훼손된 태극기 제보 이벤트 제안,"현황 및 문제점
제 74주년 제헌절을 맞이 하여 도내 곳곳에 태극기가 게양되었다.
제주시 한경면 고산로 대로변 주변 게양된 태극기의 일부가 심하게 훼손되어 교체가 시급하다.
개선방안
1.게양전 태극기 전수 검수제도 시행
2.훼손된 태극기 발견시 제보 이벤트 실시(타 지자체시행)
기대효과
1. 훼손된 태극기 게양 사전 예방
2. 도민들의 태극기 관심도 증가
3. 관리의 효율화 향상",2022-07-17,"1. 안녕하십니까?
귀하께서 국민신문고를 통해 신청하신 제안 1AB-2207-0021427에 대한 검토 결과를 다음과 같이 알려드립니다.

2. 귀하의 제안내용은 ""NK세포 활성도 검사 지원""에 관한 것으로 이해 됩니다.

3. 귀하의 제안내용에 대해 검토한 의견은 다음과 같습니다.
가. “NK세포 활성도 검사(정밀면역검사)”는 22년 3월 보건복지부 건강보험정책심의위원회 적합성평가 결과 유효성이 불분명하다고 판단되었으며, 이를 바탕으로 보건소에서 지역주민의 면역력을 수치화하여 제공하는 것은 그 효과성이 미비할 것으로 예상되어 귀하의 제안을 불채택하게 되었음을 안내드립니다.
나. 해당 검사는 필요시 기존 검진기관 등에서 실시할 수 있으며, 면역력 유지 및 활성화를 위해서는 충분한 수면, 식이, 운동 등 건강생활실천이 가장 중요합니다.
다. 저희 보건소에서는 이를 위하여 “모바일 헬스케어사업” 등 건강생활실천 사업을 운영하여 건강위험요인(혈압, 혈당, 중성지방 등) 등이 있는 대상자에게 검진, 상담, 교육 등을 제공하여 지속 관리하는 사업을 운영하고 있으니 참고 바랍니다.

4. 귀하의 질문에 만족스러운 답변이 되었기를 바라며, 답변 내용에 대한 추가 설명이 필요한 경우 제주보건소 보건행정팀 최현철(☏064-728-4022))에게 연락주시면 친절히 안내하여 드리겠습니다. 감사합니다. 끝.",심사 중,제주시,제안심사
,훼손된 태극기 제보 이벤트 제안,"현황 및 문제점
제 74주년 제헌절을 맞이 하여 도내 곳곳에 태극기가 게양되었다.
제주시 한경면 고산로 대로변 주변 게양된 태극기의 일부가 심하게 훼손되어 교체가 시급하다.
개선방안
1.게양전 태극기 전수 검수제도 시행
2.훼손된 태극기 발견시 제보 이벤트 실시(타 지자체시행)
기대효과
1. 훼손된 태극기 게양 사전 예방
2. 도민들의 태극기 관심도 증가
3. 관리의 효율화 향상",2022-07-17,"1. 안녕하십니까?
귀하께서 국민신문고를 통해 신청하신 제안 1AB-2207-0021427에 대한 검토 결과를 다음과 같이 알려드립니다.

2. 귀하의 제안내용은 ""NK세포 활성도 검사 지원""에 관한 것으로 이해 됩니다.

3. 귀하의 제안내용에 대해 검토한 의견은 다음과 같습니다.
가. “NK세포 활성도 검사(정밀면역검사)”는 22년 3월 보건복지부 건강보험정책심의위원회 적합성평가 결과 유효성이 불분명하다고 판단되었으며, 이를 바탕으로 보건소에서 지역주민의 면역력을 수치화하여 제공하는 것은 그 효과성이 미비할 것으로 예상되어 귀하의 제안을 불채택하게 되었음을 안내드립니다.
나. 해당 검사는 필요시 기존 검진기관 등에서 실시할 수 있으며, 면역력 유지 및 활성화를 위해서는 충분한 수면, 식이, 운동 등 건강생활실천이 가장 중요합니다.
다. 저희 보건소에서는 이를 위하여 “모바일 헬스케어사업” 등 건강생활실천 사업을 운영하여 건강위험요인(혈압, 혈당, 중성지방 등) 등이 있는 대상자에게 검진, 상담, 교육 등을 제공하여 지속 관리하는 사업을 운영하고 있으니 참고 바랍니다.

4. 귀하의 질문에 만족스러운 답변이 되었기를 바라며, 답변 내용에 대한 추가 설명이 필요한 경우 제주보건소 보건행정팀 최현철(☏064-728-4022))에게 연락주시면 친절히 안내하여 드리겠습니다. 감사합니다. 끝.",심사 중,서귀포시,제안심사
,버스기사도 모르는 노선버스 승강장(모르니 당연히 않세워줌),"현황 및 문제점
서귀포시 동광육거리와 신화월드 입구사이 삼밭구석 버스 정류장있다.
여기에는 어떤 표지도 하나 없어 이용자와 버스기사들도 모르는 버스 정류장이 있다.
여기에서는 버스를 탈려고 손을 들어도 버스를 세우지 않고 가버린다.
개선방안
버스정류장 표지 설치
버스내 안내방송에 추가
정류장 신설시 정류소 표지, 차량내 안내방송등 먼저 시행 개선
기대효과
버스기사 혼선방지
이용자 불편해소",2022-07-16,"귀하께서 건의하신 버스정류소 시설과 관련하여 답변드리겠습니다.
우리 도에서는 대중교통시설물인 버스정류소를 시 교통행정과와 함께 관리하고 있습니다.
건의하신 안덕면 삼밭구석 입구 버스정류소에 대해 확인결과 당초 계획인 7월 15일 보다 다소 늦어진 7월 19일 표지판 설치를 완료하였음을 알려드립니다.
이용에 불편을 드려 죄송합니다.
더 궁금한 사항이 있으시면 도청 대중교통과(710-4325) 및 서귀포시청 교통행정과(760-3234)로 문의해주시면 친절히 안내해드리겠습니다. 감사합니다.",2022-07-27,제주특별자치도,답변완료
,동광환승 정류장 최종 목적지 표지,"현황 및 문제점
서귀포시 안덕면 동광 화승정류장은 6개의 정류소(정류소 마다 숫자로 표기)로 이루어져 있다.
그러므로 길을 잘모르거나 관광객들이 정류소 이용에 복잡하고 혼선 이 생기고 있다.
개선방안
정류소 번호옆 큰글자로 최종 목적지 표시 시인성 및 편리성 방향성 확보 방안 제안
예시)
1번: 종점
2번: 모슬포방향
3번: 제주시 방향
기대효과
복잡한 노선도 대체 쉽게 목적지 인식 및 확인 가능
이용자의 편리성, 시인성, 방향성(목적지 방향) 제공
안내용 글자의 쉬운 제작, 즉시 시행 가능",2022-07-15,"귀하께서 건의하신 버스정류소 시설과 관련하여 답변드리겠습니다.
우리 도에서는 대중교통시설물인 버스정류소를 시 교통행정과와 함께 관리하고 있습니다.
건의하신 안덕면 동광환승정류소는 대중교통 이용자의 시인성 개선을 위해 정류소마다 별도 번호를 부여해 정류소 벽면에 번호를 부착하여 운영하고 있음을 알려드립니다.
더 궁금한 사항이 있으시면 도청 대중교통과(710-4325) 및 서귀포시청 교통행정과(760-3234)로 문의해주시면 친절히 안내해드리겠습니다. 감사합니다.",2022-07-27,제주특별자치도,답변완료
,비규격 감귤의 제주도 외 유통 허용,"현황 및 문제점
제주도는 감귤을 크기에 따라 분류하고, 기준 크기 이외 감귤(지름 기준 49mm 미만 또는 70mm 초과)의 제주도 밖 유통을 금지
(제주특별자치도 감귤생산 및 유통에 관한 조례 제20조)

개선방안
당도가 높은 고품질 감귤(10브릭스 이상)에 대해서는 크기와 상관없이 유통 전면 허용
기대효과
당도가 높은 고품질 감귤(10브릭스 이상)에 대해서는 크기와 상관없이 유통 전면 허용되므로 우리의
유형효과를 크게 기대가 된다.",2022-07-11,"국민신문고 답변

제주도정과 감귤산업 발전에 많은 관심을 가져주셔서 진심으로 감사의 말씀을 드립니다.

귀하께서 제안하신 『당도가 높은 고품질 감귤(10브릭스 이상)에 대해서는 크기와 상관없이 유통 전면 허용』 해달라는 의견에 대하여 답변을 드리겠습니다.

제주특별자치도에서는 『제주특별자치도 감귤 생산 및 유통에 관한 조례』 시행규칙 제18조 제4항에 감귤 품질기준을 마련하였고, 위 상품 규격 기준에도 불구하고 당도 10브릭스 이상인 온주밀감은 감귤출하연합회와 협의하여 고시하게 되어 있어

매년 9월 그해 노지감귤 생육상황(크기, 품질, 산지 및 시장상황)등을 고려하여 감귤출하연합회 전체회의*를 통해 『상품감귤 품질기준』을 고시하여 유통 처리해 나가고 있습니다.
* 33개기관 36명 구성(행정, 도의회, 생산자단체, 가공업체, 농업인단체, 학계 등)

산지 유통센터의 전체적인 당도선별 능력이 확보되지 않은 상황에서 크기와 상관없이 10브릭스 이상 감귤의 유통허용시 당도선별과 관련하여 산지 유통의 혼란이 야기될 수 밖에 없습니다.

귀하께서 제안해 주신『당도가 높은 고품질 감귤(10브릭스 이상)에 대해서는 크기와 상관없이 유통 전면 허용』은 현시점에서 바로 시행하기에는 현실적으로 어려움이 많다고 사료됩니다.

제주 감귤산업에 대한 관심을 가져주신데 대하여 감사를 드리오며, 앞으로도 많은 의견과 조언을 부탁드립니다.
그 밖에 자세한 문의사항이 있으시면 제주특별자치도 감귤진흥과 감귤유통팀(064-710-3273)으로 전화주시면 성실하게 답변드리겠습니다.

감사합니다. 끝.",2022-07-28,제주특별자치도,답변완료
,소비자 직거래 감귤(택배판매)에 대한 신고·검사제 개선,"현황 및 문제점

제주도는 감귤을 도외로 유통하기 위해서는 출하연합회 신고와 품질검사원의 검사 의무화
(제주특별자치도 감귤생산 및 유통에 관한 조례 제20조)

개선방안
생산자-소비자간 택배로 배송되는 직거래 감귤에 대해서는 원칙적으로 신고 검사의무 면제
기대효과
생산자-소비자간 택배로 배송되는 직거래 감귤에 대해서는 원칙적으로 신고 검사의무 면제가 되므로 우리의 유형효과를 기대한다.",2022-07-11,"국민신문고 답변


제주도정과 감귤산업 발전에 많은 관심을 가져주셔서 진심으로 감사의 말씀을 드립니다.

귀하께서 제안하신 『소비자 직거래 감귤(택배판매)에 대한 신고 검사제 개선』 의견에 대하여 답변을 드리겠습니다.

제주특별자치도에서는 소비자가 선호하는 맛있는 감귤을 생산·공급하여 소비자와 생산자가 서로 상생할 수 있는 감귤 산업 육성을 위해 『제주특별자치도 감귤 생산 및 유통에 관한 조례』를 제정하여 감귤 품질향상을 위해 다양한 노력을 기울이고 있다는 말씀을 드립니다.

소비자의 온라인 구매패턴에 대응하여 2017년 『감귤 생산 및 유통에 관한 조례』 제20조 제2항을 개정하여 1인 1일 300kg 이하의 감귤(1인1일 60상자/5kg)을 도외 반출하는 경우에는 출하신고 규정을 적용받지 않도록 완화하였습니다.

최근 코로나19 확산으로 인해 감귤 직거래 물량이 증가하면서 상품 감귤 품질에 대한 소비자 불만도 증가하고 있어 어느 때 보다 직거래(택배) 물량 품질검사의 중요성이 대두되고 있는 실정입니다.
※ 택배물량 증가 (14년산) 55,555톤, (16년산) 77,920톤, (18년산) 102,439톤, (20년산) 130,529톤

귀하께서 제안해 주신 『생산자-소비자 간 택배로 배송되는 직거래 감귤에 대해서는 원칙적으로 신고 검사의무 면제』 건은 1일 출하량 한도를 정하여 신고 검사의무 면제를 일부 허용하고 있습니다

다만, 상품 감귤 품질을 직접 확인할 수 없는 온라인 직거래 특성상 직거래 물량을 전량 신고 검사 의무를 면제할 경우, 감귤 품질에 대한 신뢰도 하락은 물론 규격외 감귤 유통으로 인하여 소비자와 생산자 모두에 피해가 예상되는 바, 현실적으로 적용 하는 데에는 어려움이 많다고 사료됩니다.

이 점 널리 양해하여 주시기 바랍니다.

다시 한번, 제주 감귤산업에 대한 관심을 가져주신데 대하여 감사를 드리오며, 앞으로도 많은 의견과 조언을 부탁드립니다.

그 밖에 자세한 문의사항이 있으시면 제주특별자치도 감귤진흥과 감귤유통팀(064-710-3273)으로 전화주시면 성실하게 답변드리겠습니다.

감사합니다. 끝.",2022-07-28,제주특별자치도,답변완료
,환경보전기여금 도입에 대한 부정적 여론 완화 방안,"현황 및 문제점
(부정적 여론)
환경보전기여금이라는 제도 자체가 우리국민에게는 생소하다 보니,
관광객들이 추가로 지불해야 하는 비용이라는 측면에서 부정적 여론이 있을 수 있음.
또한 제주는 높은 여행경비의 관광지로 인식되고 있는데, 환경보전기여금까지 더해 더욱 이미지가 악화될 수 있음.
(혜택 고려)
이에 관광객들이 환경보전기여금 납부시 이에 상응하는 혜택도 같이 고려할 필요가 있음.
개선방안
(제주도 관할 입장료 무료화)
주상절리, 만장굴, 비자림 등 제주도에서 관할하는 자연생태관광지의 입장료를 전면 무료화.
기대효과
(부정적 여론 완화)
관광객 입장에서 환경보전기여금을 내더라도 자연생태관광지 입장료가 무료화 되면,
오히려 더 긍정적으로 볼 수 있음
(예산절감)
민간관광지에 비해 입장료가 저렴한 자연생태관광지는 그 수입 대비 관리인건비 비율이 높아, 무료화로 인한 관리비 예산절감이 예상됨
(추가검토)
다만 기존의 자연생태관광지의 순수입*을 고려하여 적정 환경보전기여금 산정 필요
*순수입 : 전체입장료 - 무료화로 절감되는 관리비",2022-07-11,"제주시 주르네남길 오oo 님의 제안(환경보전기여금 도입에 대한 부정적 여론 완화 방안)에 대해 심사하고 업무에 철저를 기하겠습니다.

□ 제안개요
○ 제안명: 환경보전기여금 도입에 대한 부정적 여론 완화 방안
○ 제안내용; 부정적 여론을 완화하기 위한 방안으로 제주도 관할 관광지(주상절리, 만장굴, 비자림 등 자연생태관광지)의 입장료 전면 무료화
□ 제안심사
○ 채택여부: 불채택(단순 검토)
○ 답변내용
- 환경보전기여금 도입에 대한 부정적 여론 완화 방안으로 ""제주도 관할 관광지 등 입장료 무료화""는 환경보전기여금 참여 인센티브로 검토는 가능함.
- 그러나 환경보전기여금 제도 도입으로 도내 자연생태관광지 입장료가 무료화 되면 더 많은 관광객들이 방문할 것이고 그에 따른 훼손은 심화되어 기존보다 더 많은 환경처리(복구)비용을 필요로 할 것이며,
- 입장료 무료화는 방문객의 증가(오버튜어리즘)와 더불어 관리비의 증가로 이어져 부정적으로 작용될 수도 있을 것임.
- 제주 한라수목원의 입장료가 무료라 많은 관광객들의 방문으로 인건비, 관리비 등 많은 재정이 투입되고 있으나 수입은 주차료를 제외하고는 없는 상태이며,
- 현재 성산일출봉 정도를 제외하고는 제주도 소관 자연생태관광지 입장료는 관리비용 충당에 한참 못미치고 있는 상태라 ""자연생태관광지""입장료 전면 무료화는 오히려 더 많은 금액의 환경보전기여금의 부과를 초래할 수도 있을 것임. ""끝""",2022-09-26,제주특별자치도,답변완료
,준법 실천으로 소통환경보완 실현 사례 마련 제안,"현황 및 문제점
1> 제안개요
시대의 특성을 고려하여 마련된 지능 정보화 기본법 제1조를 비롯한 제45조와 제46조 실현을 위하여
적극 행정 운영 규정 제1조와 제16조 신설개정으로 2021년 12월 9일부터 시행하고 있음
을 바탕으로 제주에서 먼저 실천하여 그 사례가 자원(활용 및 응용 사례로)화 많이 할 것을 제안함.
개선방안
2>제안내용
제주특별자치도청 홈p(http://www.jeju.go.kr/jeju/jeju/org/organization.htm)초기화면과 공동화면이 되는 화면 아래 도청 주소 위에 “찾아오시는길” 다음에
“타 기관 조직도 바로가기”를 마련여 이것(http://blog.daum.net/sse5404/151)
이런(브레인킹;www.allbrain.co.kr)사례처럼 해놓자는 것이다.
이런 이유는 이를{정부 24와 공공기관 홈p조직도바로가기 접근(클릭만으로) 편의성 비교;
http://blog.daum.net/sse5404/1067}
확인해보면 쉽게 판단 됩니다.
기대효과
3>기대효과
확인 및 반성의 기회 제공 효과를 비롯하여 옳은 방안 선택 기회 효과를 제공하게 됩니다.다불어 행정안전부 다음 부서들의 업무를 지원하는 환경이 조성될 수 있는 효과가 됩니다.
1)지능정보화 기본법 제45조와 제46조 취지에 부합되게 환경 제공하는 노력을 찾기가 쉽지
않음에 최소한 갈음될 수 있는 효과(www.kscia.net).
2)각종 평가에 대한 결과물들에 대한 우수 사례를 보기가 쉽지 않음에 갈음될 수 있게 지역별
최우수 및 제1위 수상 사례집들(http://blog.daum.net/sse5404/626)을 생성한 곳들에게 보람을
이런 사례를 발굴.창출하지 못한 곳들의 모방 사례에 대한 고마움을 가지게 될 소재들 제공 효과
3)정보화 기획 소재로써 사용자의 입장에서 시민단체들의 제공 사례 소재(www.kscia.net) 제공효과
4)법무담당관업무 소재 제공 효과(규제 개혁 사례 소재;www.kscia.net)
5)소속기관 재난대응 교육훈련 소재 제공 효과(www.kscia.net)
6)민원제도혁신과(민원 및 제안 제도 관련 문의처;www.kscia.net) 환경 제공 효과
7)예방안전과(과거7월에 발생되었던 대형사고들;https://blog.daum.net/sse5404/442, 과거 7월에 발생된 식중독 사고들;https://blog.daum.net/sse5404/441)사례 예시 효과
8)위기관리지원과; 비상시 연락처 바르게 찾을 수 있는 환경;www.kscia.net) 제공 효과
9)지역정보화(전국 전세계를 대상으로 인터넷으로 활용함에 비추어 같은 읍.면.동, 시.군.구 관내
정보들을 찾기가 쉽지 않음에 대하여 관련자분들이 겸손함)가 요구된다는 사실에 부응하는 효과.
10)디지털정부 해외진출, 디지털정부 해외진출 소재 제공(만들기보다 활용과 응용 사례자원화 방안)
11)행정정보 공동이용시스템(www.kscia.net) 공유사례 예시 효과.
12)모바일 공통기반 운영(www.kscia.net) 공유사례 예시 효과.
13)정보화마을 활성화 지원;www.kscia.net, http://blog.daum.net/sse5404/56)
정보화마을http://www.invil.org/map/InvilVillageSearchMain.do?tab_page=1
;지역공동체과 업무 총괄
14)지구촌새마을과;www.kscia.net;http://blog.daum.net/sse5404/56
새마을중앙회;https://www.saemaul.or.kr/sub/introduce/about_greeting.php
지역공동체과 업무 총괄 공동 추진 차원
15)지역일자리경제과 골목 착한 가격;www.kscia.net,
소상공인관련 정보사이트들;http://blog.daum.net/sse5404/310
www.mois.go.kr/frt/a07/searchStaff.do?selectedTeamId=1741392&orgnzt_id=1741392&mgrDetailFlag=Y
16)차세대 지방세정보시스템 구축;www.kscia.net,http://blog.daum.net/sse5404/56
확인처;(이하 같음)www.mois.go.kr/frt/a07/searchStaff.do?pageIndex=5&selectedTeamId=1741535&orgnzt_id=1741535&mgrDetailFlag=N&searchWrd=&searchWrd2=&searchWrd3=
17)차세대지방재정세입정보화추진;www.kscia.netwww.mois.go.kr/frt/a07/searchStaff.do?selectedTeamId=1741539&orgnzt_id=1741539&mgrDetailFlag=Y
18)지역사회혁신정책과:www.kscia.netwww.mois.go.kr/frt/a07/searchStaff.do?selectedTeamId=1741421&orgnzt_id=1741421&mgrDetailFlag=Y
19)이북5도위원회조직도;www.kscia.netwww.ibuk5do.go.kr/cont/104000.do
20)장애;www.kscia.netwww.mois.go.kr/frt/a07/searchStaff.do?pageIndex=1&selectedTeamId=&orgnzt_id=&mgrDetailFlag=&searchWrd=&searchWrd2=%EC%9E%A5%EC%95%A0&searchWrd3=
21)행협위 및 중분위 운영, 이통장제도 지원;www.kscia.netwww.mois.go.kr/frt/a07/searchStaff.do?pageIndex=2&selectedTeamId=1741404&orgnzt_id=1741404&mgrDetailFlag=Y&searchWrd=&searchWrd2=&searchWrd3=
끝.",2022-07-09,"○ 귀하께서 국민신문고를 통해 신청하신 제안(신청번호 1AB-2207-0008507)에 대한 검토 결과를 다음과 같이 알려드립니다
○ 귀하께서 궁금하신 내용은‘타기관 조직도 바로가기’메뉴 신설 후 블로그(http://blog.daum.net/sse5404/151) 링크 요청에 관한 것으로 이해(판단)되며, 검토 의견은 다음과 같습니다.
○ 우리도에서는 개인 웹사이트(블로그)의 제주도 홈페이지 연결 시 정보의 진위 여부 검증 및 정보보안 등의 문제와 유익한 정보를 올리는 타 사이트와의 형평성 문제 때문에 개인 웹사이트(블로그)의 링크를 허용하지 않고 있습니다.
○ 우리도 홈페이지에서도 선생님이 제안한 바와 같이 제주도 산하 직속기관/사업소/합의제기관, 유관기관의 조직도 바로가기의 정보를 제공하고 있습니다.
○ 선생님이 제안해 주신 취지에는 충분히 공감하며, 향후에도 제주도 홈페이지를 방문한 민원인이 불편을 느끼지 않도록 홈페이지 콘텐츠 관리에 최선의 노력을 다하겠습니다.
○ 귀하의 제안에 감사드리며, 답변 내용에 대한 추가 설명이 필요한 경우 제주특별자치도 정보정책과 오성일 주무관(☏064-710-2392)에게 연락 주시면 친절히 안내해 드리겠습니다.",2022-07-28,제주특별자치도,답변완료
,“제주 청년센터” 제안 제도 보완(소통환경 배려) 사례 자원화 방안 제안,"현황 및 문제점

수신;청년 센터와 이중환 제주도 기획조정실장
1> 제안개요
사회현상 중 시대의 특성들이 많음에도 불구하고 불신을 비롯한 소극적인 무사안일(無事安逸)함
과 아첨(阿諂)으로 제도적으로 마련된 것들(예 지능 정보화 기본법, 적극 행정 운영 규정)마저
유명무실(有名無實)한 예도 많은 실정이다.
국민 제안제도인 국민신문고 등을 통하여 제안되면 접수처의 임의 처리(전결 제도 및 재심 제도
의 허술함)를 비롯하여 심지어 악용 사례까지 발생함이 방치되어 구체적인 제안은 물론, 제안 자체마저 포기하는 현상까지 나타나는 실정이다.
같은 제안을 어떤 기관·단체에서는 채택하여 포상금을 지급하는 곳이 있는데, 반해서 어떤 기관.
단체에서는 제안 취지 파악도 제대로 하지 않으며 즉시 이관, 심사 외, 불채택 처리하는 예도
많은 경우 등 점입가경(漸入佳境)에 유구무언(有口無言)인 실정이다.
이런 실정은 제안제도 결과물로 본받을 만한 사례를 찾기 쉽지 않음과 유익한 방안이 있더라도
적극적으로 추진할 만한 곳을 찾기 쉽지 않음의 실정을 쉽게 확인할 수 있다.
하지만 다행스럽게도 지능 정보화 기본법 제45와 제46조를 명분으로 2021년 12월 9일부터 시
행 된 적극 행정 운영 규정 제16조 근거하여 적극성을 발휘할 의지만 있으면 불편함이 없이 추
진할 수 있게 되었다.
따라서 어떤 기관·단체에서 시작함에 모방 요청 민원으로 하지 않을 수 없는 분위기를 맞이하게
됨을 고려하여 제주에서 시작하여 체감한 경험을 바탕으로 국민의 제안이 지금까지 방치되고 있
은 것을 적극적으로 수용하여 실천 사례를 발굴·창출하는 사례(활용 및 응용하여 자원으로 활용
하는)를 만들어 갈 것을 제안한다.
*본 제안을 하게 된 계기(창업부터 소통까지… 슬기로운 청년생활 플랫폼 제주청년센터;
https://www.seoul.co.kr/news/newsView.php?id=20220703500024)
개선방안

2> 제안내용
제주의 특성과 사회현상의 문제점들 고려하여 시대의 특성인 4차산업(융합화)을 활용하여 본받을
사례를 발굴·창출하여 모방 사례와 견학지로 활용되게 할 것을 제안한다.
*배려로 사례 됨을 예시하면서 누구나 모방하기 쉬우면서 작은 보람으로 체감할 수 있는 일부터
시작할 것을 제안한다.
제주 청년센터 홈p(https://jejuyouth.com/index.php) 초기화면과 다른 화면들과 공통화면
이 되는 부분으로 화면 아래에 센터 주소 위에 “이메일무단수집거부“ 다음에 ”타 기관 조직도 바
로가기”(http://blog.daum.net/sse5404/151)를 이들처럼(
http://www.allbrain.co.kr/main)연결해 놓자는것이다
기대효과

3>기대효과
도민들이 제주청년센터 홈페이지를 도민들 휴대전화기 초기(바탕)화면에 추가해 놓으면 다음과
같은 기대효과가 있다.
1) 감정노동의 불편함을 줄여주는 사례를 예시해주는 효과
2) 지역주민들에게 언론의 편향성에서 방치되는 정보들을 파악할 수 있는 환경을 제공하는 효과
3) 지역주민들은 물론, 출향민을 비롯하여 각 기관에 방문할 때 담당자들의 연락처를 쉽게 찾을 수 있는 효과.
4) 정보화 환경(ARS, 인터넷 등)을 익숙하지 못한 주민들을 비롯하여 특히 처음 접하는 주민들(항시 존재함을 고려)에게 편의성을 제공하는 효과.
5) 정보화의 중요성에 비추어 시행착오와 문제점 조기 발견 환경(예산 낭비)을 제공하는 효과.
6) 적극 행정 사례를 예시 효과
7) 각종 사회문제 극복 예방 해결 환경과 일자리 발굴·창출 환경을 제공하는 환경을 제공하는 효과.
8) 다문화 가정들과 해외에 있는 한국인들과 협업 소재를 제공하는 효과.
9) 공공기관. 단체 일선 실무자들의 행정력 낭비를 예방환경을 제공하는 효과.
10) 타 기관·단체들에 새로운 일을 추진함에 편리한 사례를 예시해주는 효과.
*숭례문 화재 사건과 봄철 산불 사건을 비롯한 2018년도 8월 경북 봉화군 소천면 총기 난사 사고 같은 경우의 예방환경을 마련해 놓는 격이 된다.
이상 부분들뿐만 아니라, 「행정가본법」및「국가공무원법」, 지능 정보화 기본법 등준법 효과를 비롯하여 보도 소재 제공됨에 따른 홍보 효과 등 일찍 경험하지 못한 환경제공에 따른 보람, 감사함, 보람과 감사함의 순환 위력을 체감하게 되는 효과 등이 있다.
4>결론
확인해보면 알겠지만 즉시 실시(소요 예방 인력 추가 없이 홈 p 관리자 10분 정도의 업무량 정도 불과)가 가능하기에 제안 접수에서 실시 기간까지 가장 빠른 사례로 언론에 보도됨에 따른 세상에 이런 일로 보도될만한 일들이 의외의 좋은 사례 예시로 해결된 매우 의미 있는 일이 된다는 사실이다.
어떤 권력과 재력으로도 만들기 쉽지 않은 사례를 만들어 낸 결과의 보람을 함께하기를 바람.
뿐만이니라 앞으로 할 일들의 소재를 발굴·창출할 환경을 조성함과 상상력은 우주를 품고도 남음을 확인할 환경이 조성함이 됨을 함께 하자는 것임.끝.",2022-07-04,"국민신문고를 통해 접수된 제안(1AB-2207-0002449)에 대하여 다음과 같이 회신하여
드립니다.
- 다 음 -
▣ 제안요지
○ 제주청년센터 홈페이지 상 “타 기관 조직도 바로가기” 연결 통한 편의성 제공

▣ 답변서
안녕하십니까? 귀하께서 국민신문고를 통해 접수하신 제안(신청번호 (1AB-2207-0002449) 에 대하여 안내를 드립니다.

? 답변내용?
1. (반영) 현재 제주청년센터 홈페이지 上 “Family Site”內에 일부 유관기관 사이트가 링크연동 되어있으나, 귀하의 제안내용을 일부 반영하여 차후 전국 청년센터 및 청년정책 정보제공 페이지 등을 추가적으로 제주청년센터 홈페이지 上에 연결토록 하겠습니다.

2. (검토 후 반영) 도내 모든 기관 사이트를 홈페이지에 연결하는 방향은 고려해야될 부분이 있으며, 차후 도와 청년센터 및 유관기관 간 검토 및 협의를 통하여 현재 연동 또는 연결되어 있는 버튼(Family Site) 또는 신규 노출페이지 개설에 반영 범위를 결정하고 그 범위가 결정되면 연동(연결)토록 하겠습니다.

귀하의 질문에 만족스러운 답변이 되었기를 바라며, 답변 내용에 대한 추가 설명이 필요한 경우 제주특별자치도 청년정책담당관 김신관주무관(☏064-710-8862)에게 연락주시면 친절히 안내해 드리도록 하겠습니다. 감사합니다.

붙임: 1. 민원신청서 1부.
2. (답변)의견서 1부. 끝.",2022-07-05,제주특별자치도,답변완료
,시대·시기·지역 특성을 활용한 개선 사례 세계적인 상품화 방안 제안,"현황 및 문제점
수신부서; 인수 위원회
제목;시대·시기·지역 특성을 활용한 개선 사례 세계적인 상품화 방안 제안
1> 제안개요
시대, 시기, 지역적 특성을 활용하여 제주도만큼 좋은 기회가 없어서 다음과 같이 제안 한다.
시대, 시기, 지역적 특성을 활용한 사회문제 극복, 예방 > 해결함에 본받을 만한 사례를 찾기가 쉽지 않으며, 성살 있더라도 적극적으로 추진할만한 곳을 찾기도 쉽지 않은 실정이다.
정보화 4차 산업(융합화) 시대 특성을 고려한 지능 정보화 기본법, 시기적으로 중앙 및 지방 정권 변화 시기란 점으로 소극적 성향 자 유지에 적극 행정 운영 규정 제16조(신설 개정으로 2021년 12월 9일부터 시행) 적극적 실천이 요구되는 시점이다.
지역적 여러 특성 중 4.3사건 후 언론사들의 편향성(
http://newstapa.org/search?s=4.3%EC%82%AC%EA%B1%B4
이 있음에도 제주특별자치도에 2022년 6월 10일 국민신문고 접수번호;
1 AB-2206-0009885, 제목; 적극 행정(준법 적극 실천) 사례 창출로 자원화 방안을 제안했는데, 처리기관 접수번호 2 AB-2206-0005629 답변일 2022년 6월 13일 처리된 것을 확인으로 개선 사례를 상품화할 것을 제안한다.
개선방안
2> 제안내용
1) 처리부서가 이해 당사자 부서란 점과 제안자 제안 당시 참조부서 지정 (참조부서; 통·반장, 어르신 복지, 전통시장, 착한 가격업소 지원부서) 요청 마저 일방적으로 무시한 처리로 지속될 문제점을 예방하자는 것으로 상식적으로 보아도 반대할 사람이 있을 수 없음을 확인할 수 있다는 것이다._
2) 거절 및 지연 사유 발생 시에 해당 규정 명시 빠진 부분을 개선하자는 것으로 최소한 적극 행정 운영 규정 모법인 행정 기본법 및 국가공무원법과 지능 정보화 기본법이나 상위법들 법 조항에 반함이 없으면 적극적으로 추진하자는 것이다.
3) 제안 채택 처리 시 불편한 규정들이 없는 한 적극 처리를 명하자는 것이다.
4) 민원과 제안으로 접수 건수에서 처리 결과물 관리·운영 현황을 확인해서 문제점 발견 시 개선하자는 것이다.
(공공 일자리 정책 현황 점검과 그 결과물 자원화 방안 제안;
http://blog.daum.net/sse5404/1046건 활용)
5) 이상의 것들을 실천함에 따라서 다음가 같은 일들 하는 격이 된다.
이런 이들(적극 행정(준법 적극 실천) 사례 창출로 자원화 방안 제안;
http://blog.daum.net/sse5404/1038)들의 본보기가 되는 격이다.
그뿐만 아니라 이런 사례(http://blog.daum.net/sse5404/1049)를 비롯하여 각종 사회문제 예방과 일자리 발굴·창출 환경 조성 사례를 예시하는 격이 된다는 것이다.
기대효과
3> 기대효과
이상의 추진 과정에서 뉴스 소재들이 많이 발굴·창출됨에 따라서 언론사에서 보도됨에 따른 홍보 효과, 이들 현상을 활용 응용함에 따른 효과 등.",2022-06-20,"1. 안녕하십니까 제주도정 발전을 위하여 소중한 제안 해주신 점 감사드립니다.

2. 귀하의 제안 내용은 '시대·시기·지역 특성을 활용한 개선 사례 세계적인 상품화 방안 제안'으로, 제안 채택 시 불편한 규정이 없는 한 적극 처리 및 실질적으로 도정에 반영 가능한 사례를 창출하여 관리하자는 것으로 보입니다.

3. 우선 처리부서가 제안해주신 것처럼 통반장, 어르신복지, 전통시장, 착한가격업소 지원부서 등 다양한 부서일 때는 각각 담당 부서의 의견을 수합하여 제안 총괄부서에서 답변을 합니다. 각 부서에서 접수된 제안을 심사할 때에는 창의성, 실시가능성, 효율성, 적용범위, 계속성 등을 고려하여 심사하며, 실질적으로 도정에 반영 가능한 제안을 채택 및 실시합니다. 다수 부서의 의견을 들어야 할 때에는 총괄부서의 임의적 해석, 주관적인 답변이 아닌 각 부서에서 위와같이 심사를 거쳐 답변을 하게 됩니다.

4. 또한 민원과 제안으로 접수된 것 중에 처리 결과물을 관리 및 운영하기 위해 민원에는 '민원조정위원회', '직소민원실 운영 및 고충민원 관리계획'을 수립하여 운영하고 있으며, 제안은 '주민창안심사위원회'를 구성 및 운영을 통해 도정 발전을 위해 제시된 제안 등을 관리하고 있습니다.

5. 앞으로도 제안 접수 시 제안자의 명확한 제안의도를 알 수 있도록 제안자와의 소통을 할 수 있게끔 교육하겠으며, 우수한 제안이 채택되어 도정 발전에 보탬이 될 수 있도록 노력해나가겠습니다. 감사합니다.",2022-06-27,제주특별자치도,답변완료
,농자재 페기물 수거 정책,"현황 및 문제점
제안 제목 : 농자재 폐기물 수거 정책 제안

제안 목적 :
‘22년 지방 선거에서 여당/야당 후보와 관계없이 길거리 플랭카드에 걸린 문구들을 아름다운 제주/ 청정 해역 제주 지킴이등 다양한 아이디어들로 주민들의 표를 받아 갑니다.
저는 고향 제주를 떠난지 42년만에 고향 제주로 내려와서 초기 안착 상태에 있습니다.
고향 땅을 찾아 가서 농사도 짓고 집도 짓고 생활할려고 준비중입니다.
도심지에서 생활 쓰레기 요일별 수거는 정말 자랑할만 합니다. 너무 협조도 잘하고 주변이 정말 깨끗합니다.
그러나, 시골로 가면 생활 쓰레기 보다는 농자재 폐기물로 청정 제주 자연, 청정 제주 바다를 오염 시키는 현장을 직접 눈으로 볼 수 있었습니다. 그래서 제안하고자 합니다.

제안 이유 :
1.검정/하얀색 폐 비닐이 수년동안 방치하다 보면 비 바람에 조금씩 찟기어 어디론가 날아 갑니다. 그 결과 토양과 바다는 눈에 보이지 않는 오염이되기 시작합니다.
2.농약병은 더 심각 합니다. 비 바람에 씻기어서 우리가 먹는 음용수로도 오염될수 있고, 청정 해역을 자랑하는 제주의 바다는 조금씩 조금씩 농약 잔류병에 농약으로 오염이 되기 시작하게됩니다.
오늘 아침 제주 뉴스를 보니 서귀포 청정 해역에서 자라는 바닷물속 모자반이 급격히 없었진다는 뉴스도 들었습니다. 과연 이 모자반이 사라지는데 과연 농약 잔류들이 바다로 흘러들어서 영향을 주지 않았다고 할 수 있을까요?

개선방안
제안 대상 :
1.농사용 검정/하얀 비닐이 농사 짓는 땅 담벼락 사이에 구기 구기 접어서 쌓여 있는 것 하나
2.농사철에 사용한 농약병이 밭 구석 이곳 저곳 뒹구러 다니는 농약병등, 특히 제초제 약병등 포함한 문제들이죠.
농자재 폐기물 수거 방안 제안:

I. 큰 흐름의 조직 구성을 보면
1.제주 도지사
2.제주 시장, 서귀포 시장
3.각 읍 면 자치 단체장
4.마을 이장 그리고 마을 반 단위로 청장년 및 부녀회 등...,

II.도지사 및 시장에서 역할
1.각 읍면 단체장은 각 마을 이장으로부터 폐기물 처리 공간 확보 후 폐기물 보관 장을 만들 수 있는 지원을해 준다.
2.각 지자체 단체장에게 페기물 수거에 따른 포상금 제도 운영하는 방안

III.각 읍면 단체장의 역활
1.각 읍면 지역 단체장은 1년에 1~2회 정도 농자재 폐기물 수거 기간을 통해서 그 동안 마을 단위로 수거되던 페기물을 특정 집하장에서 모여서 폐기물 총 무게 중심으로 포상금을 주는 제도를 제안 합니다.
2.특히 오염 정도가 심각한 농약병등은 병당 100원 이상 지원해서 수거하는 방안을 제안합니다.
3.일정 기간동안은 농번기 시기에는 각 마을 단위로 들판에서 뒹구는 폐비닐 및 농약통 병을 회수하는 유급 인력 지원도 필요합니다. 즉,기본 인건비 및 자동차 유류비을 지원해주면 가능할것으로 판단됩니다,

기대효과
IV.기대되는 효과
1.농사 짓는 들판 밭에서 썩지도 않는 농사용 폐 비닐 및 농사용 약통을 수거함으로서 아름다운 청정 제주 토양, 아름 다운 청정 바다 제주을 만들 수 있다고 확신합니다.
2.우리가 음용수로 마시는 음용수의 질과 토양의 질도 향상될것으로 기대합니다.
3. 폐기물 수거에 따른 수거 비용, 포상 비용등이 발생함으로써, 각 마을 단체에게 포상금을 할용한 마을 공동체 활성화가 이루어 지면서 각 마을 단체간에 소통 역할도 가능 할것으로 판단됩니다.",2022-06-14,"국민신문고(접수번호 1AB-2206-01234, 2022. 6. 14.)로 접수된 국민제안 사항에 대하여 다음과 같이 답변하고자 합니다.

다 음

귀하께서 국민신문고를 통해 신청하신 국민제안사항(1AB-2206-01234) ‘농자재 폐기물 수거 정책 제안’에 대하여 다음과 같이 답변 드리겠습니다.

1. 제주도 전역에 영농폐기물 보관 장소로 공동집하장 156개소와 한국환경공단 중간집하장 2개소를 운영하고 있으며 각 마을 부녀회 등 단체에서 공동집하장을 관리하고 있습니다.

2. 각 농가에서는 영농폐기물(폐농약용기류 및 폐비닐)을 정해진 날짜에 집하장으로 반입하고, 이 폐기물은 한국환경공단에서 운반·처리하고 있으며, 행정시에서 수거보상금을 지원하고 있습니다.

3. 또한 행정시에서는 농촌지역 환경개선을 위하여 매년 상·하반기에 농·어촌 마을 안길 및 경작지 등에 방치된 농촌폐비닐, 폐농약용기 등을 집중 수거하고 있습니다.

4. 귀하께서 제안하신 영농폐기물 회수 인력 지원 및 유류비 지원에 대해서는 향후 검토해 나가도록 하겠습니다.

5. 이와 관련하여 추가적으로 문의사항이 있으면 생활환경과 박승빈 주무관 (710-6033)으로 전화주시면 성실하게 답변 드리겠습니다.",2022-06-22,제주특별자치도,답변완료
,한라산 정 표지석 증석,"현황 및 문제점
지난 5월 5일 가족들과 함께 성판악에서 출발하여 한라산 정상을 향해 등산을 했습니다.
오랜 시간이 걸려 거의 정상에 다다랐을때 길게 줄지어 서있는 사람들을 보게 되었고 처음에는 무슨 줄인지 의아했습니다.
저희가족도 그줄 맨끝에 서게되었고 그줄이 정상표지석에서 사진을 찍을수 있는 줄임을 알게되었습니다.
잠깐 기다렸다면 모를까 그 줄만 거의 1시간30분에서 약2시간 정도 기다렸던것 같습니다.
정말 힘들게 정상을 올라 성취감을 느끼기도 전에 이런 일로 다시 체력을 소모하며 기다린다는게 허탈했습니다.
개선방안
쌍둥이 표지석으로 한개 더 설치해주셔서 이런 작은 불편함을 없애주셨으면 좋겠습니다.
지금 표지석만 정상이 증명되는건 아닙니다.
쌍둥이 표지석을 만들어 주셔서 작은 일로 많은 사람들이 불편함을 겪게 하지 말아주셨으면 감사하겠습니다.

참고로 한라산 국립공원게시판에 제안했으나 세계유산으로 등재되어 있고 문화재로 보존가치가 높은 한라산에는 표지석 증석이 제한된다는 답변을 받았습니다. 작은 표지석 증석은 한라산의 세계유산 가치를 떨어뜨리는 행위가 되지도 않을뿐더러 문화재의 가치 훼손 또한 없을 것 같은데 이런 이유로 로봇 같은 답변만 듣게 되었습니다.
기대효과
이런 작은 변화가 제주관광사업 발전의 밑거름이 될거라 생각됩니다.",2022-06-10,"1. 제안제목 : 한라산 정상 표지석 증석
2. 접 수 일 : 2022. 06. 13.
3. 제안요지 : 정상 표지석 추가설치
4. 답변내용 :
▷ 한라산국립공원 관리에 깊은 관심을 가지시고 제안을 주신데 대하여 감사의 말씀을 드립니다. 선생님께서 제안해 주신 백록담 정상 표지석 추가설치 요청건은 지속적으로 제기되어 한라산국립공원에서도 이에 대하여 많은 고민을 하였습니다.
▷ 한라산은 국립공원이며 천연기념물 제182호로 우리가 보존해야 할 소중한 유산으로 백록담 정상은 주변 자연경관을 보존하기 위해 최소한의 시설만 설치할 수 있는 지역입니다. 이로인해 모든 시설의 설치는 사전에 자연공원법, 문화재보호법에 의거 관계전문가의 허가 또는 심의를 받고 사업을 추진하고 있습니다.
▷ 백록담 표지석 추가설치 여부는 차후 관련 전문가 자문을 등을 통해 결정하도록 하겠습니다. 다소 불편함이 있더라도 이점 양해하여 주시면 고맙겠습니다.
▷ 앞으로도 한라산국립공원에 많은 관심을 부탁드리며 궁금하신 사항은 제주특별자치도 세계유산본부(한라산국립공원관리소) 김홍석주무관(064-710-7842)으로 문의하여 주시기 바랍니다. 끝.",2022-07-06,제주특별자치도,답변완료
,자살 예방 행정 모방 사례 발굴·창출 방안 제안,"현황 및 문제점
수신;자살예방팀

1> 제안개요
각종 사고 예방 중에 자살의 심각성보다 시급한 것이 없다.
자살 예방 행정의 점검을 비롯하여 그 결과물 관리·운영의 점검이 주기적 이루어지게 해야 한다.
세상 어느 곳이나 문제의 심각성이 있는 것 중 현황 점검과 그 결과물 관리가 제대로 되는 것을 찾기가 쉽지 않다.
자살 예방 행정을 수행하는 것으로 본받을 만한 사례를 찾기도 쉽지 않지만, 유익한 방안이 있더라도 적극적으로 추진할만한 곳조차 찾기가 쉽지 않은 실정이다.
다행스럽게 적극 행정 운영 규정 제16조 신설 개정(
www.law.go.kr/%EB%B2%95%EB%A0%B9/%EC%A0%81%EA%B7%B9%ED%96%89%EC%A0%95%20%EC%9A%B4%EC%98%81%EA%B7%9C%EC%A0%95)
으로 적극적인 수행자 개인이라도 편하게 추진 할 수 있게 되어 있다.
더불어 다행스럽게도 공공기록물 관리에 관한 법률을 비롯하여 인성교육진흥법, 국민 제안 규정 등에 의하여 공익성 민원 및 제안들에 대한 인식과 전과 같은 처리자들에 대한 처리 흔적들이 언제 어디에서나 확인될 수 있게 되어 있다는 사실이다.
따라서 어느 곳에서 시작되어 지역민들이 알게 되어 요청하면 하지 않을 수 없게 되어 있어 이왕에 할 것이라면 먼저 시행하여 미래 청소년들에게 본보기가 되어 청소년들의 세계에서 뭔가 먼저 실천함에 따른 유익함을 체감하게 하자는 것이다.
개선방안
2> 제안내용
자살과 관련된 내용 문의에서 최종 결론을 전달하기까지 전화 수신 방법을 비롯하여 시대의 특성을 고려한 정보화 환경을 활용한 정도를 냉정한 현황 점검이 시급한 실정이다.
역사적으로 세상에서 사회문제 극복 예방 해결함에 기본 중의 기본이 현황관리·운영이기에 자살과 관련된 애로사항과 개선에 대한 희망 사항 점검이 매우 시급한 실정이다.
따라서 다음과 같은 방안부터 시작함이 시급하다.
1) 자살과 관련된 내용 문의로 전화 접수에서 결과물까지 현황 점검과 관리·운영
2) 진행 과정의 안내서와 지도·감독(시행착오 예방 및 문제점 조기 발견과 개선 대안 준비를 위한 방안)
3) 결과물 관리·운영과 활용 및 응용 방안 확보를 위한 노력
4) 실현을 위한 구체적인 추진방안
(0) 특별한 대안 보유자
(1) 방법들은 최소한 제안제도인 국민신문고 등을 통하여 채택된 그것 중에서 선택하는 방법 등
(2) 인적 자원으로써는 공공일자리 정책 및 사회복무 요원 정책으로 제공되는 업무에 종사한 경험자를 비롯하여 하도급의 하도급으로 제공되는 일에 종사한 경험자 중에서 공익성 민원이나 제안을 해본(예; 국민 신문고나 광화문 1번가 일정 점수 등) 사람 이상자.
(3) 아픔과 어려움에 부닥친 내담자의 상담 경험자 및 관련분야 자격증이나 관련분야 일정량의 학습한 경험자(예; 상담사 자경 소지자, 관련 학과 20학점 수료자 등)나 관련분야 몇 년 이상 활동 경험자.
(4) 모방에 따른 확장성 및 지속성 실현 방안;
초기 추진기관·단체 구성원들의 부담이 되지 않게 추진되어야 함을 충분히 고려하여야 한다.
따라서 추진 방법은 앞 “(1)”,인적 자원 및 소요 예산의 경우는 앞“(2)”에 대하여 내정한 현황 점검을 하게 되면 그 결과들에서 선정하면 될 수 있다.
이의 실현 방안으로써는 하나; 자체 추진 방법, 둘; 관련분야와 유사한 것이나 기타 각종 사회문제 중 극복, 예방 해결 경험자, 셋; 공익 활동 법인과 단체로써 경험자, 넷; 본 제안자 및 소속 단체 정도에서 선정하여
추진할 수 있다.
업무 추진 안내서에서 추진과정의 지도·감독, 결과물 평가 및 활용방안까지 협의로 더 구체적인 방법들로 추진할 수 있다.
이런 판단을 다년간 공익성 민원 및 제안(약 1,700여 건 및 50여 건 이상 채택 경험의 근거)해본 경험에서 임.
기대효과
3> 기대효과
현황 점검 본래의 의미와 지속성의 이유를 확인하는 효과를 비롯하여 각종 사회문제 극복, 예방, 해결함에 기본적인 접근 방법 체감효과 등을 바탕으로 상상력은 우주를 품고도 남음을 확인할 수 있다.

4>결론
자살 예방 행정 현황을 점검하여 그 결과물을 자원으로 삼아 전국은 물론 전 세계가 주목할 만한 사례를
만들어 자원화할 수 있다는 것이다.
이런 가능성은 이런 사례(http://blog.daum.net/sse5404/626)만이 아니라, 꼴찌에서 최우수 또는 제1위 자리로 성공한 사례들;http://blog.daum.net/ss5404/620)에서 확인할 수 있다는 것이다.
이러하기에 해보기나 했느냐는 고 정주영 회장님의 언급한 말이 어록으로 남아 있다. 끝.",2022-05-28,"1. 안녕하십니까? 제특별자치도 방역대응과장 김명재입니다.

2. 귀하께서 제안해 주신 사항은 자살예방 행정 수행과 결과에 대하여 주기적 점검이 필요하다는 제안으로 이해(판단) 됩니다.

3. 제주특별자치도(이하 제주자치도)의 자살예방정책과 관련하여「자살예방 및 생명존중문화 조성을 위한 법률」제8조에 따라 연도별 시행계획을 수립하고 시행해야 하며 보건복지부 자살예방정책 부서에서 계획에 대한 추진실적을 평가하고 있습니다. 이와 관련 제주자치도는 행정시별 시행계획과 추진실적을 매년 평가하고 있습니다.

4. 제주자치도는 3개 기관(광역정신건강복지센터 1, 기초정신건강복지센터 2개소)에서 정신건강강간호사, 정신건강사회복지사, 간호사 등 정신전문인력으로 구성하여 자살예방홍보 및 자살고위험군을 발굴하여 등록·관리하고 있습니다.
- 정신건강복지센터는 보건복지부와 전문기관에서 마련한 정신건강사업안내, 자살예방사업안내, 통합정신건강증진사업 안내 등 표준화된 지침을 바탕으로 지역 현실을 반영하여 자체계획을 수립하여 운영하고 있으며, 각종 문제점 발생 시 해결방안을 마련하기 위해 관계자 간담회를 개최하고 필요 시 현장 모니터링, 유관기관별 협업체계를 강화하기 위한 대안을 마련하고 있습니다.

5. 귀하께서 제안해주신 소중한 제안에 대해서는 추후에도 자살예방사업 수행을 더 효율적이고 촘촘하게 운영하여 생명존중문화 확산 및 자살고위험군 조기발견 및 사후관리 등 자살예방을 위해 지속적으로 노력해 나가도록 하겠습니다.

6. 앞으로도 지속적인 관심 부탁드립니다.

7. 기타 답변에 대한 추가 문의사항이 있으신 경우 방역대응과 오미경(064-710-2772)에게 연락주시면 친절히 안내해드리도록 하겠습니다. 감사합니다. 끝.",2022-06-28,제주특별자치도,답변완료
,제주특별자치도 e-체송함 스마트 폰 시스템 환경 개선 필요,"현황 및 문제점
제주도는 2009년 e-체송함을 처음 만들어 보급했고 2019년 전자정부 웹 표준 프레임에 맞춰 시스템을 재개발하여 시민들에게 지속적인 서비스를 제공하고 있다.

e-체송함은 민간 기관의 전자문서시스템으로 역할을 하고 있다. 주요 사용기관들은 리사무소, 체육단체 등이며 2021년 503개의 기관에서 사용을 하고 있다. 민간 기관과의 문서 수발신이 가능하기 때문에 기관 간 소통 창구로서의 역할을 충실히 하고 있다.

주요 개선 사항은 시스템 접속방식을 공인인증서 로그인 방식에서 아이디 및 휴대폰 인증 방식으로 변경해 보안과 사용자의 편의성을 높였고 자동 문서 뷰어 기능도 추가하면서 모든 형식의 문서 파일을 별도의 프로그램 설치 없이 한번에 열어 볼 수 있도록 했다.

하지만 스마트폰에서도 시스템 접속이 가능하도록 해 언제 어디서든 문서를 확인할 수 있도록 개선했지만 스마트 폰에서 오류가 자주 발생하면서 문제점들이 발견되고 있다.
스마트 폰에서 문서 한개을 검색하고 다른 목록을 검색 할려면 열리지 않는 불편함이 있음.
스마트 폰 뒤돌아가기을 계속해야하는 불편으로 시간을 낭비하고 있음.
개선방안
도와 행정시 대표홈페이지의 공지사항 게시판과 자동 연동시켜 e-체송함 접속만으로도 다양한 행정정보를 공유할 수 있도록 했다.
사용자가 스마트폰 등 모바일에서도 문서를 확인할 수 있도록 이용 편의성을 높이고 웹 표준 기술을 적용시켜 언제, 어디서든 자유롭게 서비스을 이용할 수 있도록 해야함,
요즘은 pc 앞에 앉아서 일처리하는 시대는 지나고 이동하면서 모든것을 처리하는 시대로 스마트 폰 시스템 환경 개선 구축으로 행정 정보를 쉽게 공유 할 수 있도록 개선 시켜주었으면 함.
사진 :스마트 폰에서는 나타나는 문제점들.
기대효과
e-체송함 활용에 따라 별도 전자문서 시스템을 구축할 필요성이 없어지고 운영에 소요되는 예산이 대폭 절감될 뿐만 아니라, 기존 팩스 또는 메일로 발송하던 문서 송달 방식에서 전자문서 방식으로 개선되면서 문서 관리 및 업무 효율이 크게 향상됨.

코로나 팬데믹 이후 디지털 문화는 선택이 아니라 필수가 됐다. 그에 맞춰 행정에서도 지속적으로 도민들이 편리하게 사용할 수 있는 디지털 환경을 구축하고 알려 나아감으로써 정보화 구축에 선도 도시로 성장을 기대됨.(스마트 도시)",2022-05-18,"○ 안녕하십니까? 귀하께서 신청하신 민원(신청번호 2AB-2205-0010260)에 대한 검토 결과를 다음과 같이 알려드립니다.
○ 먼저 e체송함 이용자 입장에서 불편 사항을 지적하여 주시고 개선내용을 언급해주시는 등 깊은 관심에 감사드립니다.
○ 귀하의 민원 내용은 모바일 e-체송함 문서열람 오류에 관한 것으로 판단됩니다.
○ 확인 결과 모바일 e-체송함 카카오 알림톡을 통한 홈페이지 로그인 시 최초 열람문서는 보이지만 이후 열람문서는 실행이 되지 않는 오류가 발생했습니다. 오류로 인한 불편을 드려 정말 죄송합니다.
○ 현재 인터넷 브라우저를 통한 모바일 문서열람은 가능한 상태이고 추후 오류 해결방안을 찾아 개선하고 원활한 서비스가 가능하도록 노력하겠습니다.
○ 다시 한번 도정 업무에 관심을 가져주셔서 감사드리며, 추가적으로 문의 사항이 있으시면 제주특별자치도 정보쟁책과(064-710-2394)로 연락주시면 성실하게 답변 드리겠습니다. 감사합니다.",2022-06-16,제주특별자치도,답변완료
,제주 올레길 이정표,"현황 및 문제점
제주시에 위치한 사라봉에 운동 삼아 자주 다니는 제주 시민입니다. 산책길을 걷다 보면 올레길 이정표를 보게 되는데 다소 미간이 찌푸려 지는 것이 있어 시정을 제안합니다. 말 그대로 이정표는 길 안내를 목적으로 올레길 방문하는 관광객들에게 길을 쉽게 찾을 수 있게 설치한 것입니다. 타 지방이나 외국에서도 시행하는 것으로 알고 있으며, 의도는 좋으니 아쉬운 점이 있어 제안합니다. 산책길을 다니다 보면 이정표를 특정한 곳에 부착하는 것이 아니라 일부는 나뭇가지에 일부는 전봇대에 다양하게 부착된 것을 볼 수 있습니다. 문제가 되는 것은 나뭇가지에 부착한 이정표입니다. 미관에도 안 좋고 직간접적으로 자연을 훼손하는 행위리고 생각합니다. 문뜩 사라봉뿐 만 아니라 다른 올레길은 어떤지도 궁금하기도 합니다. 상상하건데, 이루헤아릴 수 없는 나뭇가지에 이정표가 주렁주렁 달려 있다고 생각이 듭니다. 누군가가 제거를 하거나 스스로 부러질 때까지 평생 고통 속에 지내야 한다고 생각하니 가슴이 쓰립니다. 자연은 도나 시 제주도민 누구 것도 이닌 그냥 자연이 주인입니다. 관계당국은 행정력을 발동해서 시정조치해아 한다고 제안합니다. 감사합니다.
개선방안
당장 나뭇가지에 부착된 이정표를 올레길 관계자에게 제거를 명령하고, 대안을 제시하거나 대안을 요구해야 한다고 생각합니다. 조금만 신경 쓰면 얼마든지 보기 좋게 설치할 수 있다고 사려됩니다. 예산 지원등 다양하게 지원하는 것(물론 예산 지원하는 걸로 알고 있음)과 관계당국과 올레길 관계자와 긴밀한 소통도 중요할 것입니다.
기대효과
자연을 보호함은 물론 방문자나 제주 도민들이 더 기쁜 마음으로 올레길을 들러볼 겁니다.",2022-05-17,"1. 안녕하십니까? 귀하께서 국민신문고를 통해 제안하신 민원(신청번호 1AB-2205-0010420)에 대하여 다음과 같이 알려드립니다.

2. 귀하의 민원내용은 '올레길 내 나뭇가지에 달아놓은 이정표(리본) 제거 요청'에 관한 내용으로 판단됩니다.

3. 귀하의 건의사항에 대해 검토한 의견은 다음과 같습니다.
가.우선, 올레길 안내표시 정비 등 관련 업무는 사단법인 제주올레에서 처리하는 사항입니다.
나.이에 (사)제주올레에 문의한 결과, 리본은 나무의 성장속도와 도보여행자들의 편의를 감안하여 적절한 장소에 설치되며, 자연적 식생 성장 등에 방해 되지 않도록 정기적인 점검과 유지보수를 통해 교체 및 관리되고 있습니다. 앞으로도 자연환경을 훼손시키거나 나무 식생에 악영향 미치지 않도록 주의하여 리본을 달 예정이오니 양해부탁드립니다.
다.귀하의 제주 올레길에 대한 관심과 사랑 감사드리며, 앞으로도 올레길 많은 이용 바랍니다.

4. 귀하의 질문에 만족스러운 답변이 되었기를 바라며, 답변내용에 대한 추가 설명이 필요한 경우 제주시 관광진흥과 김나현 주무관(064-728-2765)에게 연락을 주시면 친절히 안내해드리도록 하겠습니다. 감사합니다.",2022-05-19,제주시,답변완료
,(전국 시.도.군.구) 전 국민 쓰례기 감량운동 캠페인 촉진대회,"현황 및 문제점
깨끗한 대한민국 함께 만들어요

지금 현제 전국은 환경 미화원의 근무 시간을 건강 복지로 인해 변경해 모든 쓰레기 수거를 야간 작업에서 주간 수거작업을 실시함으로 이로 인한 주변 골목출근길 차도는 각종 생활쓰레기 재활용 및 폐기물 등 차도에 방치함으로 자동차 주행 진로 방해와 그대로 각종 생활쓰레기를 밝고 주행하여 골목길 차도 마다 심각한 오염과 생활쓰레기. 재활용 및 폐기물 방치로 주변 경관을 혜치고 세균과 냄새 악취로 인한 주변 주민들은 날마다 고통속에 생활하며 생활쓰레기 및 폐기물 거점 집하장 현장이 상당히 문제가 많다.
개선방안
※재활용 분리 배출 취약지역에 재활용 분리 수거함 적절한 거점 수거시설 선정
제8기 생활공감 정책참여단 인천광역시 서구에서 부터 전 국민 재활용 분리 배출 및 성숙한 쓰레기 버리기 문화정착을 통해 깨끗한 마을을 주민 스스로 만들어 갈수 있도록 홍보지원 및 캠페인 운동하는데 목적를 둔다.(매월 1회)
-.쓰레기 분리배출 확산:쓰레기 분리배출 요령전파/ 쓰레기 분리배출
확산 캠페인실시/ 주민 주도의분리 배출 홍보
물제작 배포.
-.무단 투기 계도단속:주민 주도의 무단투기 계도활동/ 무단투기 근절
홍보활동/ 기타 생활쓰레기 감량을 위한 활동
(골목 지킴이 활동등)
기대효과
매월 정기적인 캠페인 활동을 통해 모두가 올바른 분리배출을 지속할 수 있도록 주민들에게 올바른 분리배출을 안내 및 계도 하고 모두가 실천할 수 있는 기회를 제공하여 자발적으로 환경과 쓰레기 감량에 관심을 갖도록 홍보하고 주민들의 자발적 참여를 지속하여 지역 생활 환경 문제해결에 앞장설 수 있도록 함.",2022-05-11,"□ 제안개요
○ 접수일: 2022. 05. 12.
○ 제안내용: 재활용 분리배출 취약지역에 거점 수거시설 선정, 분리배출 요령전파, 무단투기 계도 단속, 캠페인 홍보 활동
○ 제안대상: 전국 시 도 군 구

□ 검토결과
○ 제안채택여부: 불채택(사유: 기 시행중)
- 제주도내 재활용도움센터: 111개소, 클린하우스(거점 수거시설) 1,948개소
- 재활용품 요일별 배출제 도우미 운영 사업(재활용도움센터 153명, 클린하우스 740명)
- 클린제주 환경모니터단 운영(4개분과 80명)
- 1회 용품 감량 사업 실시(제주특별자치도청 및 출자출연기관)

□ 회신내용

환경문제에 관심 가져주시고 제안을 해 주신 데 대하여 감사드립니다.

귀하께서 제안하신 재활용 분리배출 취약지역에 거점 수거시설 선정, 분리배출 요령전파, 무단투기 계도 단속, 캠페인 홍보 활동은 제주도에서 기 시행되고 있는 사업입니다.

제주도내에는 재활용도움센터(111개소) 및 거점 수거시설인 클린하우스 (1,948개소)가 설치되어, 재활용품 요일별 배출제 도우미 운영 사업(재활용도움센터 153명, 클린하우스 740명)을 진행 중입니다.

또한, 클린제주 환경모니터단을 4개분과(환경오염, 쓰레기투기, 오름훼손, 올레환경) 80명으로 구성하여 쓰레기 무단투기에 대한 단속?계도 활동 및 쓰레기 분리 배출에 대한 홍보 캠페인 활동을 지속적으로 진행중입니다.

이 외에도 제주특별자치도는 쓰레기 감량을 위하여 1회 용품 감량사업에 제주특별자치도청뿐만 아니라 출자출연기관 등 공공기관이 참여하며 감량사업에 앞장서고 있습니다.

제주도 쓰레기 배출문제를 효율적으로 해결하고자 다각적인 노력을 기울이고 있으며, 앞으로도 귀하의 의견과 같이 지역주민들의 자발적 참여를 유도하고 지역생활 환경 문제를 해결하기 위하여 방안을 마련해 나가도록 하겠습니다.

이와 관련하여 문의 사항이 있는 경우, 도 생활환경과(☏064-710-4303)로 연락 주시면 친절히 안내해 드리겠습니다.",2022-05-18,제주특별자치도,답변완료
,한라산 국립공원의 방문과 정보강화,"현황 및 문제점

한라산은 해발 1950m로 남한 최고봉의 위엄을 보이는 산이다.
다양한 식생 분포를 보이는 동 식물의 보고로, 2007년 유네스코 세계 자연유산으로 등재되었다.

한라산 등반은 어리목,영실, 성판악, 관음사 코스가 대표적으로 백록담 정상까지 오를 수 있는 곳은
성판악과 관음사 코스 두 곳이다. 성판악 코스(9.6km)는 등산로가 비교적 완만해 사람들이 즐겨 이용한다.
개선방안


- 한라산 국립공원의 방문과 정보강화

* 한라산 (백록담) 정상 가는 코스와 대중 교통편 안내

* 각 탐방로 사무소 및 입장마감, 입장료 안내
기대효과

- 초행자도 쉽게 방문하고, 불편없는 한라산 국립공원이 되자.

- 충분한 정보의 공유로, 행복하고 만족한 산행 완수.",2022-05-09,"1.국민제안 : 한라산국립공원 방문과 정보강화
2.접 수 일 : 2022. 05. 10.(화)
3.제안요지 : 한라산국립공원 홈페이지 정보강화-한라산 등산 코스와 대중 교통편 안내 등
4.심사결과 : 불채택(사유- 현재 시행중인 사항 임)
5.답변내용 :
한라산국립공원에 관심을 가져주셔서 감사드립니다.
선생님께서 제안해 주신 내용은 한라산국립공원 홈페이지-탐방안내에 이미 제공(백록담 탐방코스 및 교통편안내 등)되고 있는 사항임을 알려드립니다. 한라산국립공원에서는 지속적으로 한라산 전반에 대한 다양한 정보의 제공은 물론 안전한 탐방이 될 수 있도록 탐방로 정보를 포함하여 안전산행과 관련한 사항 등을 홍보해나가도록 하겠습니다. 감사합니다.",2022-06-27,제주특별자치도,답변완료
,전기차 충전소 주차가능 시간 카운트다운 타이머 설치 제안,"현황 및 문제점
제주도에서는 CFI2030을 목표로 타 지역보다 발빠르게 전기차의 보급을 확대해 나가고 있다.
이로 인해 전치차의 보급 대비 충전 시설의 부족이 현실로 나타나고 있으며, 여기에 최근 개정된 법률에 의해 전기 자동차 충전시설에 일반차량주차, 전기차량의 제한된 충전시간외 초과시간 주차등은 과태료 부과 대상으로 법률이 개정되었고 따라서 주차 시작 시간과 충전 상태를 대기 차량에서도 쉽게 확인 하고 인지 할수 있는 전기자동차 충전시설의 보완이 필요 하게 되었다.
개선방안
1. 일반 차량 주차: (CCTV 차량번호 인식후 자동 경고방송후 미이동시 자동 과태로 부과)
2. 전기차 미충전 상태 주차(CCTV 차량번호 인식: 주차 5분이내 미 충전시 자동경고 방송후 미이동시 과태료 부과)
-------------------------------------------- 핵심 개선 방안 ---------------------------------------
3. 전기차 충전소 이용가능 시간 카운다운 전광판 설치로 주차가능 잔여 시간 표시.
4. 충전 완료 신호등 설치(충전중: 적색, 충전완료: 녹색): 주차가능시간 외 충전 상태 판별가능
기대효과
1. 일반 차량 및 전기차량중 미 충전 차량 주차 금지 효과
2. 카운드 타운 타이머 설치로 충전 대기 잔여 시간 확인 가능
(미충전 대기 차량 전광판을 통해 잔여시간 식별 용이, 타시설 이동 용이)
3. 충전상태 표시 신호등 설치에 따른 제한된 주차시간 외 이동가능 차량 판단 가능
(충전 완료 차량 이동 협조 요청 가능)",2022-05-07,"전기차 충전 인프라 구축관련「국민신문고」제안내용에 다음과 같이 답변토록 하겠습니다.

1. 귀하께서 제안해주신 내용에 대해서 다음과 같이 회신하여 드립니다.

2. 귀하께서 제안해주신 요지는 전기차 충전방해행위 단속장비 및 충전소 주차가능 타이머 설치에 관한 내용으로 사료됩니다.

먼저 충전방해행위 단속장비와 관련하여 우리 도에서는 충전방해행위 단속시스템 응용개발 사업을 통해 단속장비를 개발하여 지난해부터 확대구축 중에 있습니다.

그리고 충전기타이머설치 등 기능 업그레이드 부분과 관련하여 귀하께서 제안한 내용을 충전기제작회사 등에 잘 전달하여 충전기 이용자가 불편함이 없도록 개선할 수 있도록 노력하겠습니다.

더불어 현재 충전소 주차가능 타이머 설치와 관련하여서 충전기 자체적으로 충전시작·종료시 안내가 나가고 있는 부분이며, 공용충전소 안내 어플 등에서 충전기의 충전여부, 고장 등 상태이력이 제공되는 방법으로 이용되고 있습니다.

3. 추가적으로 문의사항이 있으시면 저탄소정책과 강찬효(064-710-2654)에게 전화주시면 성실하게 답변 드리겠습니다. 전기차 충전인프라에 많은 관심을 가져주신점 감사드리며, 앞으로도 좋은 의견 제안해주시기 바랍니다. 감사합니다. 끝.",2022-05-24,제주특별자치도,답변완료
,서귀포시 정책 제안,"현황 및 문제점
최남단 관광도시 서귀포시.
특색을 살려 차별화하여 최고의 도시를 만들었으면해서 몇가지 제안합니다.
개선방안
1. 중앙광장 조경
육지에서 볼 수 있는 소나무 조경이 아니라 서귀포에서만 볼 수 있거나 상징적인 감귤나무나 야자나무로 조성.
나아가서 모든 가로수나 개인 정원 조경도 감귤나무나 야자수를 식재.

2. 시내버스 창 구조 변경
관광객을 위해 버스의 창틀 위치를 아랫쪽에서
상단으로 배치를 바꾸어 시야를 확보하였으면
나아가서 뒷쪽의 좌석 배치를 외부를 볼 수 있게 바꾸었으면.

3. 인구 유입 정책
육지 지자체에 비해 인구 증가를 지양하는 정책을 바꾸었으면. 특히 주택 신축을 위한 규제상수도, 도로 제한을 완화하고 국,공유지 공급을 통한 지가 하락을 유도하여 많은 육지인들이 입도를 쉽게할 수 있도록 하였으면.

4. 관광 중심의 도시에서 휴양정착 도시로
장기적인 체류를 위한 정책을 위해 의료,건강,휴양 관련 사업을 장려하여 노인이나, 휴양도시로 바꾸면 과다 관광으로 인한 사회적 비용도 절감될 수 있지않을까 생각됩니다.
기대효과
대한민국 최남단 도시 서귀포시의 뛰어난 자연을 활용한 최고의 휴양도시",2022-05-03,"먼저 좋은 의견을 주신데 대하여 감사의 말씀 드립니다.
귀하의 '서귀포시 정책 제안'에 대해 다음과 같이 회신하여 드립니다.
귀하의 제안은 4개 분야에 걸쳐 의견을 제시한 경우로 제안 건별 답변 부서가 상이함에 따라 자치행정과에서 각 부서의 답변을 받아 검토한 결과 채택에 어려움이 있음을 알려드리며, 해당 부서의 의견은 별도 첨부하였으니 참고하시기 바랍니다.

다시 한 번 소중한 의견 주심에 감사드리며, 기타 문의사항은 서귀포시 자치행정과(오춘자064-760-2235)로 연락주시기 바랍니다.",2022-05-30,서귀포시,답변완료
,해녀작업 퍼포먼스 연례 시연,"현황 및 문제점
제주도하면 해녀를 연상하나
막상 제주도를 여행가면 해녀를 볼 수 없음.
혹시 운좋게 바닷가에서 만나는 여행객은 있을지
모르나 대부분 볼 수 없음
오죽하면 제주시 관광과에 전화를 해서 해녀를 어디서 볼 수 있냐?라고 하자 자기네들도 날짜를 알 수 없다고 하며 큰 실망을 주었음.
개선방안
일정한 장소, 일정한 시간대별로 해녀들이 바다에서 작업하는 광경을 연출한다면,
관광코스로서도 손색이 없을 것임.
기대효과
- 제주관광객 유치 기여
- 지역민 경제적 효과 증대
- 사라져가는 해녀보존 기여",2022-04-29,"국민신문고(접수번호 1AB-2201-0016788)로 접수된 국민제안 사항에 대하여 아래와 같이 답변토록 하겠습니다.

1. 제목 : 해녀작업 퍼모먼스 연례 시연
2. 내용 : 일정장소, 일정시간에 해녀들의 물질장면을 연출하여 관광자원으로 활용
3. 답변내용
ㅇ 안녕하십니까? 귀하께서 국민신문고를 통해 해녀물질 모습을 연출하여 관광자원 활용방안에 대해 소중한 의견을 주신점 깊이 감사드립니다.
ㅇ 제안하신 건에 대하여 검토한 결과를 다음과 같이 알려드립니다.
ㅇ 제주도에는 해안선을 따라 102개의 어촌계로 이루어져 있으며 어촌계의 작업일정에 따라 해녀작업이 이루어지고 있는 실정입니다.
ㅇ 또한 해녀들은 연중 물질을 하는 게 아니며, 물때(조석 간만의 차)에 따라서 물질작업을 하게 됩니다
ㅇ 보통 조류가 약해지는 조금에 시작해서 4물때까지만 작업을 하며 한 달에 7∼8일 정도이며 연간 90일 정도 물질을 합니다.
ㅇ 마을어장에서는 물때와 자원상황에 맞춰 작업구간을 이동하면서 물질을 하고 있어 매일 일정장소와 일정시간대를 정하여 물질을 할 수가 없습니다..
ㅇ 그리고 해녀들의 물질은 생사를 가르는 고되고 힘든 일로 관광객을 위해 연출을 목적으로 물질작업을 할 수는 없는 상황임을 양해하여 주시기 바랍니다.
ㅇ 다만, 귀하께서 제안하신 내용과 유사한 해녀물질 공연이 성산일출봉 우뭇개해안에서 정기적으로(13:30, 15:00) 관광객을 대상으로 이루어지고 있음을 알려드립니다.
ㅇ 또한 답변에 대한 궁금한 사항이 있는 경우 강권용 주무관(710-3994)에게 문의 주시면 자세하게 답변드리도록 하겠습니다. 감사합니다..",2022-05-03,제주특별자치도,답변완료
,각 마을 홈페이지 관리 지역 특색에 맞게 자유롭게 수정 할 수 있도록 개선 필요,"현황 및 문제점
제주도청 홈페이지 클릭하면 제주도청, 서귀포시, 제주시로 구분하고 밑에 화면에 마을소개란이 있다.
예를 들어 성산리 마을소개란을 클릭하면 “세계인이 찾는 성산읍 성산리 마을” 및 메인화면 사진이 있다.
문제는 홈페이지 마을소개란 메인화면 사진이 지역 특성에 맞지 않는 사진들이 너무 많다. 메인화면 사진 대표적으로 4~6가지가 전부이다.
따라서 마을 홈페이지는 마을 이장 또는 마을사무장의 관리를 하고 있다.
마을 홈페이지 메인 사진은 지역 특색 마을에 맞는 사진으로 교체를 하려고 해도 마을에서 메인화면 사진과 문구는 수정할 수 없다.
메인화면에 마을소개, 마을알림방, 운영프로그램으로 구분하고 있는데, 마을알림방에 대부분 공지사항, 경조사, 포토 캘러리가 대부분이다.
마을 알림방에도 마을홈페이지 관리자가 자체적으로 수정 할 수 있도록 홈페이지 개선이 필요하다.
개선방안
마을 홈페이지는 마을을 홍보 할 수 있는 좋은 공간이라 생각한다.
사람의 첫인상이 중요한 것처럼 마을 홍보에 있어 첫 메인화면이 중요하다.
따라서 마을 홈페이지 내용도 추가적으로 넣을 수 있도록 하여 개선하여 주었으면 함.
예를 들어 마을 알림방에도 ‘공지사항’. ‘경조사’ ‘포토 캘러리’가 대부분인데 마을을 알릴 수 있는 보도자료 및 마을 축제, 축제 영상도 마을에서 자체적으로 올릴 수 있도록 개선이 필요함. 그리고 e체송함 공지사항 소식도 각 읍,면동에서 공지를 하고 있지만 마을 홈페이지 활성화를 위하여 마을 홈페이지 공지사항에도 올려주었으면 함.
기대효과
마을 소식을 신속하게 전달할 수 있으면 주민들과 소통이 활발히 이루어짐으로써 마을 공동체 활동을 통한 지역 발전이 기대됨.
향우회에도 지역 문제 소식을 전하고 도움을 받을 수 있음(마을 발전기금 조성)
난산리: 제주도내 대부분 마을 홈페이지 사진
덕수리: 제주도 초가지붕. 읍,면 대부분 사진으로 지역 특색에 맞지 않음.
신풍리: 제주도 초가지붕과 유채꽃으로 그나마
신천리: 사계절 꽃피는 그린 마을이 곶자왈 같은 느낌",2022-04-22,"○ 귀하께서 국민신문고를 통해 신청하신 제안(신청번호 1AB-2204-0013487)에 대한 검토 결과를 다음과 같이 알려드립니다
○ 귀하의 제안 내용은 '메인화면 및 게시판 추가 관련 마을홈페이지 기능 개선’에 관한 것으로 판단됩니다.
○ 귀하께서 제안해 주신 대로 마을홈페이지 기능 개선을 추진할 계획이며, 기능개선이 완료되면 마을 홈페이지가 좀 더 활성화될 것으로 생각됩니다.
○ 귀하의 제안에 감사드리며, 답변 내용에 대한 추가 설명이 필요한 경우 제주특별자치도 정보정책과 오성일 주무관(☏064-710-2392)에게 연락 주시면 친절히 안내해 드리도록 하겠습니다. 감사합니다.",2022-04-29,제주특별자치도,제안실현
,마을 홈페이지 개선 필요,"현황 및 문제점
제주도청 홈페이지 클릭하면 제주도청, 서귀포시, 제주시로 구분하고 밑에 화면에 마을소개란이 있다.
예를 들어 성산리 마을소개란을 클릭하면 “세계인이 찾는 성산읍 성산리 마을” 및 메인화면 사진이 있다.
문제는 홈페이지 마을소개란 메인화면 사진이 지역 특성에 맞지 않는 사진들이 너무 많다. 메인화면 사진 대표적으로 4~6가지가 전부이다.
따라서 마을 홈페이지는 마을 이장 또는 마을사무장의 관리를 하고 있다.
마을 홈페이지 메인 사진은 지역 특색 마을에 맞는 사진으로 교체를 하려고 해도 마을에서 메인화면 사진과 문구는 수정할 수 없다.
메인화면에 마을소개, 마을알림방, 운영프로그램으로 구분하고 있는데, 마을알림방에 대부분 공지사항, 경조사, 포토 캘러리가 대부분이다.
마을 알림방에도 마을홈페이지 관리자가 자체적으로 수정 할 수 있도록 홈페이지 개선이 필요하다.
개선방안
마을 홈페이지는 마을을 홍보 할 수 있는 좋은 공간이라 생각한다.
사람의 첫인상이 중요한 것처럼 마을 홍보에 있어 첫 메인화면이 중요하다.
따라서 마을 홈페이지 내용도 추가적으로 넣을 수 있도록 하여 개선하여 주었으면 함.
예를 들어 마을 알림방에도 ‘공지사항’. ‘경조사’ ‘포토 캘러리’가 대부분인데 마을을 알릴 수 있는 보도자료 및 마을 축제, 축제 영상도 마을에서 자체적으로 올릴 수 있도록 개선이 필요함. 그리고 e체송함 공지사항 소식도 각 읍,면동에서 공지를 하고 있지만 마을 홈페이지 활성화를 위하여 마을 홈페이지 공지사항에도 올려주었으면 함.
기대효과
마을 소식을 신속하게 전달할 수 있으면 주민들과 소통이 활발히 이루어짐으로써 마을 공동체 활동을 통한 지역 발전이 기대됨.
향우회에도 지역 문제 소식을 전하고 도움을 받을 수 있음(마을 발전기금 조성)

난산리: 제주도내 대부분 마을 홈페이지 사진
덕수리: 제주도 초가지붕. 읍,면 대부분 사진으로 지역 특색에 맞지 않음.
신풍리: 제주도 초가지붕과 유채꽃으로 그나마
신천리: 사계절 꽃피는 그린 마을이 곶자왈 같은 느낌",2022-04-22,"○ 안녕하십니까?
○ 귀하께서 제기 하신 정책 제안에 대해 다음과 같이 회신하여 드립니다.
○ 귀하의 제안 내용은 마을 홈페이지 메인 화면 및 게시판 추가 등 개선에 관한 것으로 판단됩니다.
○ 이와 관련하여 제주특별자치도 정보정책과에 문의 결과 귀하께서 제안해주신 대로 마을 홈페이지 기능 개선을 추진 할 계획임을 알려드립니다.
○ 귀하의 제안에 감사드리며, 이와 관련 문의사항이 있으신 경우 서귀포시 자치행정과 장준혁 주무관(☏064-760-2232)에게 연락 주시면 친절히 안내해 드리도록 하겠습니다.
○ 감사합니다.",2022-05-23,서귀포시,답변완료
,"한도교 안전시설물, 인명구조함에 QR코드 부착으로 물때 및 조개잡이 체험 정보 제공","현황 및 문제점
조개잡이 철을 맞아 서귀포시 성산읍 오조리 조개잡이 체험어장(한도교)에 많은 인파가 방문해 인산인해를 이루고 있다. 야외활동이 늘면서 내수면에서 수난사고가 지속적으로 발생해 내수면 일대 위험지역 위치정보 표식이 훼손·폐기된 것 정비가 필요하다.
그리고 내수면 안전관리 요원들이 사고위험 예상지역을 순찰하는 등 예방 활동을 위해 쉴 수 있는 공간 마련도 필요하다.
개선방안
작년에 한도교 내수면 안전관리 요원들이 수난사고 및 물놀이 안전사고 예방에 체계적으로 대응하여 여름철 수난사고 제로화에 최선을 다했다.
내수면 사고발생 예상지점의 안전표지판과 간이구조장비를 유지, 관리하고 인명 안전구조, 구조장비 등의 사용방법을 교육할 수 있도록 테크에 차광막 설치를 해 안전사고 대응을 위한 교육장으로 활용할 수 있도록 개선하여 주시기 바랍니다.
그리고 안전구조 장비 및 안전표지판에 관광객들이 물때를 인식할 수 있도록 QR코드를 부착해 사고를 방지했으면 함.
국민의 대부분이 소유하고 있는 스마트폰을 이용하면서 불편한 사항 발생 시 QR코드를 부착하여 조개잡이 물 때 및 조개잡이 체험 요령을 기재해 다양화하였으면 좋겠다.
차광막 설치를 위한 기반 시설을 유지하여 지속적으로 관리가 이루어질수 있도록 관계부서 점검이 필요하다.
기대효과
수난사고 제로화로 안전한 제주 구현.
안전의식 홍보 캠페인을 통한 사고없는 물놀이 문화 조성
안전한 체험어장 조성으로 마을 만들기 사업에도 도움이 됨.

파일1: 테크에 지저분한 기등을 없애고 안전한 차광막 기둥 설치로 야외 교육장으로 활용
파일2: 내수면에 위험지역 정보 제공. 인명구조함 및 안전표지판에 QR코드 부착으로 정보를 확인 할 수 있도록",2022-04-20,"○ 안녕하십니까?
○ 귀하께서 제기 하신 정책 제안에 대해 다음과 같이 회신하여 드립니다.
○ 귀하의 제안 내용은 마을 홈페이지 메인 화면 및 게시판 추가 등 개선에 관한 것으로 판단됩니다.
○ 이와 관련하여 제주특별자치도 정보정책과에 문의 결과 귀하께서 제안해주신 대로 마을 홈페이지 기능 개선을 추진 할 계획임을 알려드립니다.
○ 귀하의 제안에 감사드리며, 이와 관련 문의사항이 있으신 경우 서귀포시 자치행정과 장준혁 주무관(☏064-760-2232)에게 연락 주시면 친절히 안내해 드리도록 하겠습니다.
○ 감사합니다.",심사 중,서귀포시,제안심사
