제목,내용,작성일자,답변,답변일자,처리담당부서,추진상황
근린공원내 시설 중 변경과 주차장 확보가 필요합니다.,"현황 및 문제점
주덕읍 화곡리1245번지 3호 근린공원.
1. 현재 공원내 배드민턴장을 인조잔디 족구장2면으로 변경을 요청합니다.
2. 주차장이 없습니다.

운동하는 사람도 없을뿐더러 동물 사체가 썩어 악취로 심했습니다.
족구장으로 시설을 변경해주시면 저희가 잘 관리해가며 사용하겠습니다
서충주에는 산업단지의 젊은 근로자들이 많아서 족구동호인이 상당히 많습니다.
개선방안
1. 현재 서충주에는 족구장이 하나도 없습니다.
전국체전에도 체택된 우리 고유의 체육 종목인데도 불구하고 너무 홀대를 받고 있는듯 합니다.
특히 충주에는 아주 심한편입니다.
가까운 청주 제천 음성만 해도 공원 곳곳에 전용 족구장이 즐비합니다.

2면의 면적이 가로 세로 약 40미터 필요합니다.
[배드민턴장 윗쪽 보도블럭 위치까지 확보하면 충분하다고 봅니다]
높이 6미터의 4면 펜스와 인조잔디의 2면 그리고 라이트시설이 필요합니다.
인조잔디는 아주 짧은 길이의 카펫트 같은 재질이면 됩니다.

2. 주차장
제가 거주하는 기업도시에도 주차난이 아주 심각합니다.
차 후 이 지역도 더 심하면 심하지 덜하지 않을것 같습니다.
주위에 공동주택이 입주하면 불보듯 뻔합니다.
어떻게 도시계획을 하면서 주차장도 확보를 하지 않았는지 의문입니다.
미리 공원부지 일부를 주차장으로 확보해야 할 줄 압니다.
그 아래 생활체육공원 주차장 만큼은 확보를 해야하지 않을까 생각합니다.

기대효과
생활에 여유가 생길 수록 여가생활을 즐깁니다.
생활체육으로 건강관리를 해 건강한 삶을 영위 함으로 해서 사회 간접자본이 헤아릴 수 없을 만큼
어마어마한 금액이 절약 된다는 연구 결과를 신문을 통해 본 기억이 있습니다.
서충주의 많은 인구 유입에 비해 생활체육 공간은 많이 부족합니다.
그나마 축구장 농구장 배드민턴 테니스 등등. 심지어 축구장이 있는데도 불구하고 바로옆에 풋살장도 있습니다.
다른종목의 시설은 곳곳에 설치가 되어 있으나
족구장은 없습니다.
성인 남자라면 족구를 안해본 사람이 없을겁니다.
이제는 여성분들도 많이 즐기고 있습니다.
특히 충주에는 실력있는 여성 족구인들이 많습니다.
회사 체육대회 동문체육대회 야유회 등 어떤 야외활동이든 빠지지 않고 온국민이 즐기는 운동.
우리 고유 전통 구기종목 족구를 홀대하지 마십시오.
현재 서충주의 산업단지에는 공장내에서 쉬는 시간 틈틈이 족구를 하는분들이 많은 줄 압니다.
아직 협회에 등록하지 않고 즐기는 사람들이 더 많습니다

그동안 주위의 공원에 부상위험이 많은 우레탄 바닥 또는 아스팔트 바닥에서 발목이 부러지고 무릎이 까지는
부상을 입어가며 족구를 하다보니 젊은 인재들이 가까운 제천 음성등으로 가서 운동을 하다가 아예 직장까지 옮겨 가는 경우를 많이 봤습니다.
우리 충주의 먼 미래를 봐서라도 온 국민이 좁은 공간에서도 쉽게 즐길 수 있는 족구장이 시급합니다.
새로운 공간을 확보하느것 보다는 적은 비용으로 활용가치를 극대화 할 수 있는 방안이라 봅니다.

주차장 또한 이유불문하고 설치해주시기 바랍니다
주차난 심각할 겁니다
미리 설치해주세요.",2022-08-04,"1. 충주시 공원행정에 관심을 갖아주시는 귀하에게 감사드립니다.
2. 기업3호 근린공원은 지역생활권 거주자의 보건,휴양 및 정서생활 이바지를 위한 공원으로 계획되었으며, 현재 정주여건 미비로 이용인구가 미비할 것으로 판단됩니다. 향후, 공원조성계획 변경시 지역생활권 거주자의 수요를 면밀히 검토하여 족구시설의 설치 여부를 결정하고자 합니다.
3. 기타, 궁금하신 사항은 푸른도시과 850-6161로 문의주시면 정성을 다하여 답변드리겠습니다. 끝.

붙임 : 국민제안신청서 1부. 끝.",2022-08-17,충주시,답변완료
영동 와인터널 입장권 구매시 일부금액((천원정도) 지역화페로 돌려주기,"현황 및 문제점
휴가철이 다가오면서 인근지역 및 타지에서 영동에 위치해 있는 와인터널 방문객들이 늘어나고 있어 입장권 구매시 지역경제도 살리고 방문객들도 할인해 주는 의미에서 입장권 일부금액(천원정도)을 지역화폐로 돌려주는 제도가 있었으면 좋겠다는 생각이 들었습니다.
개선방안
영동 와인터널 입장권(3천원) 구매시 일부금액(천원정도)을 지역화폐로 돌려주어 지역(와인터널 내 사용도 가능) 에서 사용하도록 하면 좋겠습니다.
기대효과
영동 와인터널 입장권 구매시 일부금액(천원정도)을 지역화폐로 돌려준다면 방문객들에게도 할인효과도 있고 지역화폐 사용으로 지역경제 활성화에도 도움을 줄 수 있을 것으로 기대",2022-07-29,"1. 먼저 우리 와인터널에 많은 관심을 가져주심에 감사드립니다.

2. 귀하께서 국민신문고를 통해 제안해주신 민원(신청번호 1AB-2207-0033276)에 대한 검토 결과를 다음과 같이 알려드립니다.

3. 귀하의 제안내용은 ""영동와인터널 입장료 일부를 지역상품권으로 환급""에 관한 것으로 이해됩니다.

4. 우리 와인터널은 지역경제활성화를 위하여 입장료 일부를 지역상품권으로 환급하는 방안을 긍정적으로 검토중입니다. 다만 영동와인터널의 입장권 일부를 지역화폐로 환급하기 위해선 먼저 「영동군 영동와인터널 조성 및 운영 조례」의 개정이 선행 되어야 하며, 1,000원권의 지역사랑상품권을 추가로 제작하여야 합니다. 이에 장기적인 검토과정이 필요하며 조례개정, 상품권 제작 등 환급방안을 마련 후 제안하신 의견을 반영해 나가도록 하겠습니다.

5. 귀하의 질문에 만족스러운 답변이 되었기를 바라며, 답변 내용에 대한 추가 설명이필요한 경우 영동군 힐링사업소(이소연 주무관, ☏043-740-3633)로 연락주시면 자세히 안내해 드리도록 하겠습니다.

붙임 국민제안신청서 1부. 끝.",2022-08-17,영동군,답변완료
영동 와인터널 입장료 개선이 필요합니다,"현황 및 문제점
주말에 가족과 함께 시원한 관광지 영동와인터널을 가는 동안 무지개다리와 포도산책길 구경을 하면서 와인터널 주차장에 도착하여 주차를 하고 매표소에서 입장권을 구매하는데 좀 비싸다는 생각이 들었습니다.(관람시간은 30분정도 소요)
개선방안
영동 와인터널 입장료를 1인당 2천으로 하여 방문객들이 부담없고 편리하게 이용할 수 있도록 개선이 필요해 보였습니다.
기대효과
영동 와인터널 입장료를 1인당 2천으로 개선하여 운영한다면 이곳을 방문하는 많은 방문객들이 편리하게 이용할 수 있을 것으로 기대",2022-07-29,"1. 먼저 우리 와인터널에 많은 관심을 가져주심에 감사드립니다.

2. 귀하께서 국민신문고를 통해 제안해 주신 민원(신청 번호 1AB-2207-0033271)에 대한 검토 결과를 다음과 같이 알려드립니다.

3. 귀하의 제안 내용은 ""와인터널 입장료 인하""에 관한 것으로 이해됩니다.

4. 현재 영동 와인터널의 입장료는 타 지자체 대비 저렴한 요금을 유지하고 있습니다. 귀하의 의견에는 충분히 공감하나 와인터널의 쾌적한 관람환경 조성 및 현실적인 운영을 위하여 추가적인 요금 인하는 어려울 것 같습니다.

5. 귀하의 질문에 만족스러운 답변이 되었기를 바라며, 답변 내용에 대한 추가 설명이필요한 경우 영동군 힐링사업소(이소연 주무관, ☏043-740-3633)로 연락 주시면 자세히 안내해 드리도록 하겠습니다.

붙임 국민제안신청서 1부. 끝.",2022-08-17,영동군,답변완료
영동 과일나라테마공원 레인보우 식물원 홍보가 필요합니다.,"현황 및 문제점
가족과 함께 영동에 있는 과일나라테마공원 레인보우 식물원 주차장에 주차를 하고 어떤 곳인지 궁금하여 들어가 보니 식물원 내부도 깔끔하고 아기자기하여 포토죤에서 사진도 찍으며 시간 가는 줄 모르고 둘러보았는데 이곳을 이용하는 사람이 많이 없어 아쉬운 생각이 들었습니다. 홍보가 부족해 보였습니다.
개선방안
영동에 위치한 레인보우 식물원은 비밀의 통로, 열대 과일원 물의 정원, 빅토리원으로 좋은 시설이 되어 있음에도 불구하고 이곳을 이용하는 방문객이 적어 충청북도 시·군 홍보를 하거나 좀 더 적극적인 홍보를 통해 많은 사람들이 이용하면 좋겠다는 생각이 들었습니다.
기대효과
영동에 위치한 레인보우 식물원을 좀 더 적극적으로 홍보를 하여 운영한다면 이곳을 찾는 방문객들이 많아지고 영동을 찾는 관광객들이 꼭 들러보는 좋은 명소가 될 것으로 기대합니다",2022-07-29,"1. 우리 군정발전에 관심을 가져 주셔서 감사드립니다.

2. 귀하께서 국민신문고를 통해 신청하신 제안 『영동 과일나라테마공원 레인보우 식
물원 홍보가 필요 합니다』에 대한 검토결과를 다음과 같이 알려드립니다.

3. 레인보우 식물원은 2021년 12월 준공되어, 2022년 1월에 개장하였으며, 이에 따라
각종매스컴(방송, 유튜브, 관광안내책자 등)을 통하여 홍보를 지속적으로 실시하고
있습니다. 또한 SNS(블로그, 인스타 등) 홍보를 계획 중입니다.

4. 귀하의 우리 군에 대한 애정과 관심에 거듭 감사드리며, 『레인보우 식물원』 홍보
가 더 잘 이루어질 수 있도록 하겠습니다.

붙임 국민제안신청서 1부. 끝.",2022-08-16,영동군,답변완료
불법주정차 예방-시내 편도3차선 양쪽도로에 유료주차장 운영바랍니다..,"현황 및 문제점
(제천시생활공감정책참여단 박덕재 단원님의 제안입니다.)


*,현황

저녁에 제천시내 도로 곳곳에 불법 주정차가 너무 많습니다.

* 문제점

그래서, 야간에 화재시 접근불가지역이 너무 많아 인명과 재산 피해가 예상됩니다.
개선방안
도로 좌우 편도 3차선 양쪽 차선을 주ㆍ정차 주차장으로 만들어 유료주차장 운영바랍니다.
기대효과
화재시 소방차가 불법 주ㆍ정차로 진입 불가하여 인적ㆍ물적피해를 예방하고, 불법 주정차 해소를 위하여 필요하다고 사료됩니다.",2022-07-26,"1. 안녕하십니까? 제천시 교통과 한재석입니다. 귀하께서 제안하신 국민제안에 대해 아래와 같이 회신 드립니다.
2. 귀하의 제안요지는 ‘저녁 시간 대 제천 시내 도로 곳곳에 불법 주정차가 많으니 편도3차선 도로에 노상주차장을 설치하여 유료로 운영하자는’ 취지로 이해됩니다.
3. 현재 제천시 중앙로 일대 도로 곳곳에 노상주차장이 설치돼 있으며, 20시 이후에는 무료로 운영 중에 있습니다. 귀하의 제안대로 노상주차장을 설치하여 20시 이후 유료로 운영하기 위해서는 정산시스템 및 cctv 설치 등 주차 관제 시스템이 갖춰져야 해 장기적 검토와 협의가 필요하다고 판단됩니다.
2022년 9월 중앙로 중심부에 시민주차타워가 확장건립 준공되어, 주차환경이 개선될 것으로 판단하고 있으며, 이면도로의 불법주정차가 주차타워를 이용하도록 유도하기 위해 단속카메라의 추가적인 설치가 필요하다고 판단됩니다.
4. 추가적으로 문의사항이 있으시면 제천시 교통과 한재석(043-641-6354)에게 전화주시면 성실하게 답변 드리겠습니다. 감사합니다.",2022-08-24,제천시,답변완료
버스 승강장 교체건 !,"현황 및 문제점
현재 영동군에 설치된 감 모양의 버스 승강장은 영동군의 특성을 살려 차별화된 디자인으로 지역 특산물 홍보 효과도
있는 설치 당시에는 최선의 선택이었음.
설치 당시에는 주민 편의보다는 지역 특색에 최적화에 맞추다보니 현재는 주민이 느끼는 불편으로 인해 개선요구가 있음.

문제점으로는
첫째, 공간이 협소하고
둘째, 햇볕과 바람과 눈비에 취약하며
셋째, 특수한 모양으로 인한 청소의 어려움을 꼽을 수 있음.
개선방안
비바람 대비해서 열고 닫을 수 있는 문이 달린 박스형 모양으로 현재 승강장 보다 공간을 넓혀
거동이 부자연스러운 노인분들이 편안하게 이용할 수 있도록 개선 요망.

현재 설치된 감 모양의 승강장은 마을마다 조성해 놓은 운동기구가 설치된 공원으로 옮겨 놓으면
주민들이 운동기구나 공원이용시 쉼터로 활용할 수 있고 영동군 입장에서는 지속적으로 홍보 효과도 가능함.

기대효과
승강장의 편리함은 군 행정에 대한 신뢰를 높일 수 있고 버스 이용을 통한 이동량의 증가로 이어져 소비 촉진으로 인한 지역 경제에도 효과 기대.",2022-07-21,"1. 군정 발전을 위하여 소중한 의견을 제시하여 주심에 깊은 감사를 드립니다.

2. 귀하께서 1AB-2207-0021890로 제안하신 내용은 '노후화된 감 승강장 교체'관련 건의 사항으로 판단됩니다.

3. 현재 우리군에서는 매년마다 읍·면을 통해 신규 및 교체가 필요한 승강장을 조사중이며, 귀하께서 말씀하신 승강장의 경우 현장 실사결과, 노후화가 많이 진행된 승강장으로 신규설치가 필요한 승강장으로 사료됨에 따라 빠른 시일내에 신규 승강장 설치를 통하여 귀하께서 말씀하신 불편함을 해소할수 있도록 만전을 기하겠습니다.

4. 추가로 궁금하신 사항이 있으시면 건설교통과 교통팀 전민석(☎043-740-3515)에게 연락주시면 성실하게 답변을 드리겠습니다.

붙임 국민제안신청서 1부. 끝.",2022-10-21,영동군,답변완료
매월 보내는 각 지자체 홍보물 우편발송을 문자발송및 유트뷰등으로 대체하기(추가 제안사항입니다),"현황 및 문제점
활동을 하다 보니 정기적으로 이런저런 사유로 각 지자체의 여러 부서에서 보내주는 우편물을 받고 있습니다.
우편물이 줄어드는 시대에 살고 있습니다

1.각 지자체에서 보내주는 우편물을 만들기 위한 행정력 낭비와 우편 비용이 발생합니다

2.많은 행정력과 비용이 들어 간 것 대비 받아 본 사람들은
우편물을 받아 보아도 대충 보거나 귀찮아서 바로 버려지는 경우도 많이 발생합니다

3.많은 행정력과 비용 대비 효과가 떨어지는 우편물 서비스 이대로 괜찮은가요?
개선방안
1.각 지자체에서 발송하는 우편물을 매월 또는 격 월이 아닌 최대한 늦추어 1.분기 별 또는 2.상.하반기로 나눕니다

2. 1인 1폰 시대입니다. 요즘은 유트뷰를 많이 봅니다. 매월 지자체 홍보가 필요하다면 장문 문자를 발송하거나
유트뷰등을 이용하여 홍보 서비스를 합니다

3.일부 지자체 등에서는 유트뷰 서비스를 진행하는 거로 알고 있습니다
홍보 문자 발송 시 장문 문자와 함께 유트뷰 url를 넣어 줍니다

4.우편 서비스 받는 쪽의 의견을 물어 문자 서비스 및 유트뷰로 대체합니다
기대효과
1.우편물 발송을 위한 행정력 낭비를 줄 일 수 있습니다

2.우편물 보내는 비용을 줄 일 수 있습니다

3.대부분의 국민들이 많이 보는 유트뷰와 간단한 휴대폰 문자 서비스를 더 선호하기에 홍보 효과도 더 커질 것으로 보입니다",2022-07-19,"국민신문고에 접수된 국민제안(1AB-2207-0018993)에 대하여 다음과 같이 검토하고
답변하고자 합니다.
1. 제안개요
가. 제 안 자 : 김인환
나. 제안내용 : 지자체 홍보물 발행[(기존) 우편발송 → (변경) 문자나 유튜브로 대체*]
* 지자체 홍보물 주기 변경과 문자, 유튜브 서비스로 대체
2. 검토결과
가. 채택여부 : 불채택(비제안 처리)
나. 해당근거 :「제안규정」제2조 제1호 마. 단순 주의환기, 진정, 비판, 건의, 불만에 해당
다. 답변내용
- 충청북도 도정소식지에 많은 관심을 가져주심에 감사를 드립니다.
- 현재 귀하께서 주신 제안은 지자체 홍보물 우편물 발송을 문자발송이나 유튜브 홍보로 대체해달라는 건의로 판단되어 비제안으로 처리하고자 합니다.
- 귀하의 소중한 제안을 비제안 처리함을 양지해주시기 바라며, 제시하신 의견은 향후 관련 업무 추진에 참고하도록 하겠습니다. 감사합니다.

붙임 국민제안 관리기록부 1부. 끝.",2022-08-11,충청북도,답변완료
매월 보내는 각 지자체 홍보물 우편발송을 문자발송으로 대체하기,"현황 및 문제점

활동을 하다 보니 정기적으로 이런저런 사유로 각 지자체의 여러 부서에서 보내주는 우편물을 받고 있습니다.
우편물이 줄어드는 시대에 살고 있습니다

1.각 지자체에서 보내주는 우편물을 만들기 위한 행정력 낭비와 우편 비용이 발생합니다

2.많은 행정력과 비용이 들어 간 것 대비 받아 본 사람들은
우편물을 받아 보아도 대충 보거나 귀찮아서 바로 버려지는 경우도 많이 발생합니다

3.많은 행정력과 비용 대비 효과가 떨어지는 우편물 서비스 이대로 괜찮은가요?
개선방안

1.각 지자체에서 발송하는 우편물을 매월 또는 격 월이 아닌 최대한 늦추어 1.분기 별 또는 2.상.하반기로 나눕니다

2.요즘은 1인 1폰 시대입니다. 그래도 매월 지자체 홍보가 필요하다면 장문 문자 이용하여 홍보 서비스를 합니다

3.우편 서비스 받는 쪽의 의견을 물어 문자 서비스로 대체합니다
기대효과

1.우편물 발송을 위한 행정력 낭비를 줄 일 수 있습니다

2.우편물 보내는 비용을 줄 일 수 있습니다

3.대부분의 국민들이 간단한 휴대폰 문자 서비스를 더 선호하기에 홍보 효과도 더 커질 것으로 보입니다",2022-07-18,"1. 충청북도 도정소식지에 많은 관심을 가져주심에 감사의 말씀을 드립니다.

2. 우리 도에서 발행하는 도정소식지 ‘충북도정소식’은 매월 10만부를 발행, 각 시·군 읍·면·동사무소와 병원, 학교, 금융권, 경로당 등 다중집합장소 위주로 배부되고 있습니다.

3. 충북은 농촌지역과 노인 인구가 많은 지역으로, 여전히 오프라인 소식지에 대한 의존도가 높은 편입니다. 도정소식지는 도의 각종 정책과 사업 등을 도민에게 알리는 유일한 오프라인 매체로 도정 역사를 종이 형태로 기록하는 중요한 역할도 담당하고 있습니다.

4. 제안해 주신 유튜브나 문자를 활용한 도정 홍보는 기 시행중인 사항이며, 도정소식지의 내용은 도 홈페이지에서 e-book형태로도 동시 제공되고 있습니다.

5. 다시 한번 도정소식지에 대한 애정어린 관심에 감사를 드리며, 앞으로도 많은 관심 부탁드립니다. 끝.",2022-08-11,충청북도,답변완료
하소생활체육공원 농구장에 안전문 설치해주세요..,"현황 및 문제점
* 현황

하소생활체육공원은 다양한 체육시설이 많아, 지역의 많은 주민들이 애용하고 있습니다.




* 문제점
그런데, 하소체육공원 오르막길 농구장에 안전문이 없어, 농구장을 이용하는 주민들, 특히 학생들이 게임 도중 공이 밖으로 튀어 내리막길로 굴러가는 일이 빈번히 발생하고, 공을 쫓아가다 내리막길이라 넘어져 다치는 사람들도 있습니다.
개선방안
하소체육공원 농구장에 안전문을 설치해 이용자들의 안전을 확보해주길 요망합니다.
기대효과
공원 농구장 이용자들도 불안해하지 않고 안전하게 운동을 할 수 있을 것입니다.",2022-07-17,"1. 안녕하십니까? 제안 참여에 감사드리며 귀하의 제안에 대해 다음과 같이 회신드립니다.
2. 장○○님께서는 ‘해당 체육공원 농구장에 안전문이 미설치 되어있어 게임도중 공이 밖으로 나가면 내리막길에 공이 굴러 경기진행이 안되고 이용이 불편함’ 이라는 내용으로 제안해주셨습니다.
3. 귀하께서 제안하신 사항을 검토한 결과는 다음과 같습니다.
가. 현장 확인 결과 안전문이 미설치 되어있음을 확인했습니다.
나. 해당 농구장에 안전문을 설치하여 이용객의 안전 및 불편을 해소하도록 조치하겠습니다.
4. 이 밖의 문의사항은 시설관리사업소 체육1팀(043-641-5596)으로 연락주시면 성심성의껏 답변해 드리겠습니다. 감사합니다.",2022-07-26,제천시,제안실현
제천화폐모아에 제천출신 독립운동가 새겨주세요..,"현황 및 문제점
* 현황

제천에서는 일제강점기에 독립운동이 활발히 일어났습니다.




* 문제점

그러나, 제천지역 출신 독립운동가를 아는 시민은 그리 많지 않습니다.
개선방안
제천화폐모아에 제천 출신 독립운동가를 새겨, 지속적으로 제천지역 항일독립운동 홍보활동을 펼치면 좋겠습니다.
기대효과
시민들이 일상생활에서 지역 출신 독립운동가와 항일독립운동의 의미를 다시금 되새기고, 자연스럽게 자녀들에게도 애국심 및 애향심을 알리는 가정교육이 될 것이며, 어릴 때부터 바르게 성장하는 계기가 될 것이라고 생각합니다.",2022-07-13,"1. 안녕하십니까? 제안 참여에 감사드리며 귀하의 제안에 대해 다음과 같이 회신드립니다.
2. 귀하께서는 ‘지류형 제천화폐 모아의 디자인에 지역 출신 독립운동가 영정을 삽입’하자는 내용으로 제안해주셨습니다.
3. 귀하께서 제안하신 사항을 검토한 결과는 다음과 같습니다.
가. 먼저 제천지역 독립운동가를 제천화폐 모아의 디자인으로 반영하여 애국심·애향심을 고취하자는 귀하의 고견과, 제천화폐 모아에 대한 관심에 감사의 말씀을 드립니다.
나. 지류형 제천화폐 모아는 2019년 3월 발행을 시작으로 현재까지 4,045억원 이상 유통 중인 제천시의 ‘지역사랑상품권’으로서, 이미 다수 시민이 제천화폐의 디자인을 인지하고 있는 상황에서 디자인이 바뀐다면 사용자의 혼란이 우려됩니다.
나. 그리고, 지류형 제천화폐는 제천시의 정책 목적에 따라 수시로 권종이 추가되거나 없어지는데, 권종별로 독립운동가의 영정을 달리 적용하는 경우 디자인의 통일성이 저하되고 위변조의 위험이 높아지는 등 곤란 또한 예상됩니다.
라. 따라서, 지류형 제천화폐의 디자인의 변경은 장기적인 관점에서 신중하게 검토해야 할 사항으로 판단되므로, 추후 관련 논의가 있는 경우 귀하의 제안 내용을 참고하도록 하겠습니다.
4. 위와 같은 사유로 귀하의 제안을 즉시 수용하지 못하는 점을 너그럽게 이해하여 주시기를 바라며, 이 밖의 문의 사항은 제천시 일자리경제과 제천화폐팀(043-641-6622)으로 연락주시면 성심성의껏 답변해 드리겠습니다. 감사합니다.",2022-07-28,제천시,답변완료
보은군 내 해외 이주민을 위한 한국어교육 지원사업 제안,"현황 및 문제점
1. 늘어나는 외국인 이주자(결혼이민자, 이주 노동자 등)와 그에 대한 수요 증가
- 계속 감소하는 군내 거주인구
- 이에 반해 지속적으로 증가하는 해외 이주민 현황 및 관리, 지원책 필요

2. 약 1,327 명의 외국인 거주 중이나 실질적인 한국어 교육 미흡(코로나, 농촌사회의 특성 등의 이유)
- 오프라인 위주의 교육형태는 이주노동자, 결혼이민자 등이 현실적으로 참석하기에 어려움이 많다.
(코로나 영향, 거리상 시간상 어려움 등으로 교육 참석률 저조)
- 한정된 한국어 교원으로 다수의 학습자들을 교육하기에는 시간적, 공간적 어려움이 있다.
- 한국어 교육 진행에 관한 관리, 감독이 미약하고 교육효과 등을 모니터링하기 어렵다.
- 구성원들마다 그들의 한국어 수준, 출신국가 등이 달라 각각의 조건에 맞는 한국어교원이 필요하다.
- 농촌사회의 특징으로 이주구성원의 잦은 외출 등을 꺼려 함. (오프라인 교육을 선호하지 않음)

3. 관리, 감독의 소홀 및 운영 미숙(담당부처 상이 : 고용노동부, 여가부 등)
- 기존의 담당 부처(고용노동부, 여성가족부 등)에서 지원센터를 운영한다는 이유로 각 지자체나 행정기관에서는 관련 업무를
기피하고 센터에 모든 책임과 권한을 전가한다. (비효율성 증대)
- 관할 지자체에서는 별도로 이주민들에 관한 관리나 모니터링 등이 필요하므로 업무의 가중 초래(중복 관리)
- 과다한 고정비 지출로 정부 예산 낭비(건물 임대료, 인건비 등), 필요한 수요만큼 지출 관리가 필요하다.
- 다문화 가정에만 정부지원이 치중되어 있어 이주노동자 등에 관한 한국어 교육 지원도 필요하다.

4. 효율적이지 못한 예산 및 지원정책
- 2021년 기준으로 현재 다문화 센터에 들어가는 예산은 71,228,800,800원 으로 한 개소당 평균 350,88,788원 정도이다.
- 다문화가정에 712억 정도가 들어가지만 외국인 근로자들은 상대적으로 혜택과 지원이 매우 부족한 상태이다.
- 대부분 고정비(건물임대료, 인건비 등) 위주로 지원 대상이나 효과와 상관없이 일률적으로 지출되고 있다.

5. 한국어 교원 일자리 문제
- 2021년 기준으로 한국어 교원 자격증 소지자는 약 6만6천명으로 매년 7천명 이상씩 증가하고 있지만 일자리는 극히
제한적이라 취업의 어려움이 있다.
- 한국어 교육지원을 온라인형태로 변경하게 되면 거리, 공간, 시간의 제한 없이 다수의 온라인 한국어 교원의 일자리가
창출된다. (탄력적 운영 가능)
- 한국어 교원들의 다양한 사회경험 등을 바탕으로 한국어 교육 이외에 가정문제 상담 등 멘토링, 모니터링 기능을 수행할 수
있다.
- 교원의 특성에 따라 출신국가별, 직종별(가정주부, 이주노동자 등) 맞춤교육이 가능하다.

개선방안
1. 보은군이 직접 관내 이주민들을 위한 한국어 교육지원사업을 시행한다.
- 기존 운영기관과는 별개로 직접 관리, 지원함으로써 지자체와 이주민간의 소통, 관리 단일화

2. 모든 한국어 교육은 온라인 플랫폼 말샘(www.maalsam.com)을 통한 온라인 교육방식으로 진행한다.
- 거리, 시간 등의 사유로 지원받지 못했던 이주민들에게 편리하고 안전한 한국어 교육 지원이 가능하다.
- 다문화 가정, 이주노동자 고용기업들에게 수용하기 수월한 지원정책

3. 보은군내 거주 한국어 교원을 최우선 채용, 운영한다.
- 군내 한국어 교원을 우선 채용함으로써 신규 고용창출 효과

4. 효과적인 예산 편성 및 지출
- 비효율적인 고정비(건물임대료, 관리비 등)는 최소화하고 실제 투입되는 한국어 교원 인건비 위주로 운영할 수 있다.
- 초기 개발비용이나 Set up 비용 부담없이 운영할 수 있다.
- 학습자가 적으면 비용도 적게 발생하고 늘어나면 늘어난 만큼만 비용이 추가되므로 효율적 예산 집행이 가능
기대효과
1. 공공기관(보은군)
- 지역내 이주민들을 위한 실질적 지원사업
- 다문화가정, 이주노동자, 고용기업 동시 지원 효과
- 이주민들에 대한 멘토링, 모니터링 기능
- 향후 사업 확대 및 다양한 연계사업 수행
- 군내 한국어 교원을 위한 고용 창출 효과

2. 해외 이주민(이주 노동자 포함)
- 의사소통 능력 향상으로 인한 생활 안정성 확보
- 가정 및 기업에 대한 만족감 상승
- 한국 생활 정착에 자신감 고취
- 한국과 한국기업에 대한 긍정적 이미지 제고

3. 이주노동자 고용기업
- 이주노동자와의 원활한 의사소통으로 인한 업무 효율 상승
- 이주노동자에 대한 복지서비스 무상 제공
- 기업에 대한 이주노동자들의 만족도 상승
- 기업 이미지 제고 및 홍보 효과
- 우수한 이주노동자 확보 및 장기 근속 유도 효과

4. 에듀앤컬처 사회적협동조합
- 국내 거주 이주노동자에 대한 한국어 온라인교육 최초 시행
- 타 공공기관 및 소외계층(다문화가정 등) 대상으로 서비스 확대
- 한국어 온라인교육 플랫폼 홍보 및 보완
- 한국어 교원들에 대한 신규 고용 효과",2022-07-12,"국민신문고 민원(2AP-2207-0020052)에 대한 답변을 아래와 같이 처리 하겠습니다.

1. 접수번호 : 2AP-2207-0020052
2. 민원요약 : 보은군 내 해외 이주민을 위한 한국어 교육 지원 사업 제안
3. 답변 내용
가. 안녕하십니까? 귀하께서 국민신문고에 신청하신 제안(2AP-2207-0020052)에 대한 검토 결과를 다음과 같이 알려 드립니다.

나. 귀하의 제안 내용은 늘어나는 외국인 이주자(결혼이민자, 이주노동자 등)와 그에 대한 한국어 교육이 절실히 필요하여 보은군 자체 운영 등으로 온라인 교육을 적극 활용하여 한국어 교육을 효율적으로 운영할 것을 제안한 것으로 판단 됩니다.

다. 위 사항에 대한 답변으로 현재 보은군에서는 다문화가족지원센터에서 위탁 운영 으로 결혼이주 여성에 대한 다양한 지원이 이루어지고 있으며, 예산 및 인원의 부족에 따라 보은군에서 직영으로 운영하는 데에는 한계가 있음을 양지하여 주시 기 바랍니다.
또한 보은군에서는 생활SOC가족센터 건립 지원 사업에 선정이 되어 2024년 완공 예정으로 가족센터로 확대 지원 운영 예정에 있습니다.

라. 귀하의 제안 사업 취지에 적극 공감하며, 2024년 완공 운영 예정인 가족센터 확대 운영 시 한국어 교육이 온라인으로 병행 될 수 있도록
하고, 결혼이주여성 뿐만 아니라 외국인 이주자의 복지를 위해서 귀하의 고견을 적극 반영하여 운영하도록 노력하겠습니다.
답변 내용에 대한 추가 설명이 필요한 경우 보은군 주민복지과 이혜자 주무관
(☏043-540-3812)에게 연락 주시면 친절히 안내해 드리도록 하겠습니다.
감사합니다. 끝.",2022-12-05,보은군,답변완료
[현재 대전 신탄진 지역에서 청주로 이동시 버스환승체계 구축되어있지 않음],"현황 및 문제점
[현재 대전 신탄진 지역에서 청주로 이동시 버스환승체계 구축되어있지 않음]
현재 대전에서 계룡 가는 시내버스가 있는데 대전에서 계룡 지역 으로 이동시 대전시외지역 부터는 추가요금을 내도되는데
신탄진에서 청주로 이동하려면 신탄진에서 환승여부 관계없이 정상요금을 이중결제해야하는 상황발생
[대전지역]신탄진-청주 시내버스 기본요금 : 1500원+대전시외지역 추가요금
대전-마전 및 옥천 으로 이동시 대전시외지역으로 갈때 추가요금을 결제
개선방안
[구체적인 개선방안]
[대전지역]신탄진 지역에서 청주로 이동할 때 청주시 와 대전시 합심하여 환승체계 구축요청
기대효과
청주시 와 대전시 와 같이 계획을 세우면 굳이 이중결제안해도 편리함을 유도
물론 어렵겠지만 일단 계획하는것도 나쁘지않을듯합니다.",2022-07-09,"국민신문고 민원(2AP-2207-0020052)에 대한 답변을 아래와 같이 처리 하겠습니다.

1. 접수번호 : 2AP-2207-0020052
2. 민원요약 : 보은군 내 해외 이주민을 위한 한국어 교육 지원 사업 제안
3. 답변 내용
가. 안녕하십니까? 귀하께서 국민신문고에 신청하신 제안(2AP-2207-0020052)에 대한 검토 결과를 다음과 같이 알려 드립니다.

나. 귀하의 제안 내용은 늘어나는 외국인 이주자(결혼이민자, 이주노동자 등)와 그에 대한 한국어 교육이 절실히 필요하여 보은군 자체 운영 등으로 온라인 교육을 적극 활용하여 한국어 교육을 효율적으로 운영할 것을 제안한 것으로 판단 됩니다.

다. 위 사항에 대한 답변으로 현재 보은군에서는 다문화가족지원센터에서 위탁 운영 으로 결혼이주 여성에 대한 다양한 지원이 이루어지고 있으며, 예산 및 인원의 부족에 따라 보은군에서 직영으로 운영하는 데에는 한계가 있음을 양지하여 주시 기 바랍니다.
또한 보은군에서는 생활SOC가족센터 건립 지원 사업에 선정이 되어 2024년 완공 예정으로 가족센터로 확대 지원 운영 예정에 있습니다.

라. 귀하의 제안 사업 취지에 적극 공감하며, 2024년 완공 운영 예정인 가족센터 확대 운영 시 한국어 교육이 온라인으로 병행 될 수 있도록
하고, 결혼이주여성 뿐만 아니라 외국인 이주자의 복지를 위해서 귀하의 고견을 적극 반영하여 운영하도록 노력하겠습니다.
답변 내용에 대한 추가 설명이 필요한 경우 보은군 주민복지과 이혜자 주무관
(☏043-540-3812)에게 연락 주시면 친절히 안내해 드리도록 하겠습니다.
감사합니다. 끝.",심사 중,청주시,제안심사
의약품 폐기물 처리 방식 개선 방안,"현황 및 문제점
최근 코로나로 인해 의약품 사용이 굉장히 많이 늘어났다.
그런데 이런 의약품은 대부분 다 사용되지 않고 버려진다.
전국 지자체 자료에 따르면, 2019년 10월 말 기준, 전국의 폐의약품 수거량은 약 433,480kg으로 나타난 바 있다.
제대로 의약품을 폐기하기 위해서는 의약품 폐기물을 따로 모아뒀다가 근처 약국에 가서 전용 폐기함에 버려야한다.
하지만 기존의 이 방법은 문제가 많다.
첫 번째, 이런 상황에서 올바른 의약품 폐기법을 아는 사람의 숫자는 굉장히 적다.
또한, 이 방법은 너무 불편하고 실천 확률이 굉장히 떨어진다.
건강보험심사평가원이 지난 2018년 국민을 대상으로 한 설문조사에서 폐의약품을 약국이나 보건소를 통해 반환한다는 비율이 8%에 불과했다. 반면 쓰레기통·하수구를 통해 배출하는 비율은 55%를 넘었다.
국민권익위원회에서 2020년 국민 181명을 대상으로 설문조사를 한 결과, 폐의약품을 '약국이나 보건소에 배출한다'고 응답한 국민은 26%에 불과했으며 응답자의 절반이 넘는 54%가 '종량제 봉투에 버린다'고 답했다.
둘째, 폐의약품 처리 과정에서 약국 현장에서 짊어져야 할 부담은 상당하다.
경기지역 C약사는 “폐의약품을 받고 있지만, 공간이 작아서 처리가 곤란할 때가 많다. 수거도 원활하지 않은 때는 약품이 쌓이다 보니 위생적으로도 불편하고 냄새도 나는 것 같아서 폐의약품 수거함을 뒤로 빼놓은 적도 있다”고 말했다. [출처:‘약사공론 2021-09-17 기사’]
결국 대부분의 사람들이 의약품 폐기물을 그냥 일반쓰레기통에 버리게 되고 이는 심각한 환경오염을 일으키고 인간 외에 생물들에게 큰 악영향을 끼칠 수 있다.
예를 들어 의약품 폐기물이 강가에 버려진다면 해당 강에 사는 물고기들이 의약품에 노출되고 결국 좋지 않은 방향으로 변이된 물고기는 우리가 섭취하게 된다.
또한, 의약품 폐기물로 인한 해당 강의 환경오염도 심각하게 일어날 것이다.
개선방안
의약품 폐기물을 제대로 버리는 의식을 키우고 실천률을 높이기 위해서는 의약품 폐기함이 가깝에 있어야하며 아파트 단위에서 의약품 폐기의 의식이 커져야한다.
개인적으로 생각해본 방법은 의약품 폐기함을 각 아파트 단지 내의 쓰레기 분리수거함에 만드는 것이다.
‘각 거주지의 쓰레기장에 폐의약품을 버리는 부분을 추가로 만들어 분리수거를 하게 하고 이후 이 폐의약품을 따로 모아 폐기하는’ 정책을 제안한다.
해당 의약품 폐기함은 쓰레기장에서 다른 분리수거 물품들을 수거하는 쓰레기차가 추가로 의약품 폐기물을 따로 수거해가면 된다.
기대효과
이렇게 되면 기존에 약국까지 가야 했던 불편함을 덜 수 있어서 실천률이 올라갈 것이고, 아파트 내에서 돌아다니게 되면 의약품 폐기함을 자주 접하게 되며 의약품을 따로 분리하여 폐기해야 한다는 의식을 심어줄 수 있다.
이렇게 되면 최소한의 적은 비용으로 기존의 의약품 폐기의 불편함을 덜 수 있고 기존의 의약품 분리폐기에 대한 낮았던 인식을 다시 키울 수 있을 것이다.
이는 결국 최근 사용이 많아진 의약품 폐기물로 인한 환경오염 등 부정적인 영향을 크게 줄일 것이다.",2022-07-09,"○ 귀하께서 국민신문고를 통해 신청하신 제안 2AB-2207-0006368호(2022.7.11)에 대하여 다음과 같이 답변하고자 합니다.
- 우리도 의약품 분야에 관심 가져주심에 감사드립니다.
- 귀하께서 제안하신 의약품 폐기물 처리방식 개선 방안에 대한 답변입니다.
- 현재 가정에서 발생되는 폐의약품은 '생활계 유해폐기물'로 분류되어 각 지자체에서 관리하고 있으며, 약국, 보건소 등을 통해 수거한 후 소각처리하고 있습니다.
- 귀하께서는 올바른 의약품 폐기법을 아는 사람들이 적고, 대부분의 사람들이 의약품 폐기물을 일반쓰레기통에 버리게 되어 이로 인한 환경오염을 우려하여 '각 거주지의 쓰레기장에 폐의약품을 버리는 부분을 추가로 만들어 분리수거를 하게 하고 이후 이 폐의약품을 따로 모아 폐기하는' 정책을 제안하셨습니다.
- 폐의약품의 경우 환경문제 뿐만 아니라 오남용 문제 등 안전에 관한 문제도 고려해야 합니다. 각 시군마다 폐의약품 처리 방법등이 차이가 있기 때문에 각 거주지의 쓰레기장에 폐의약품 분리수거함을 만들어서 운영하는 것은 각 시군에서 폐의약품 관리 인력, 예산지원 등을 고려하여 검토해야 할 것으로 판단됩니다.
- 우리 도에서는 가정내 폐의약품 회수 처리 관련 시군 보건소 및 환경부서, 약사회와 긴밀히 협조하여 폐의약품 관련 수거 및 처리가 잘 이루어지도록 관리 및 홍보하고 있으며, 앞으로도 처리 방식 등에 대한 적극적인 홍보 등을 추진하도록 하겠습니다.
- 아울러 답변과 관련 궁금한 사항은 충청북도 식의약안전과 김재선 주무관(☏043-220-3182)에게 연락주시면 성실히 답변드리도록 하겠습니다. 감사합니다.",2022-08-01,충청북도,답변완료
농촌인력확보,"현황 및 문제점
농촌 인구의 고령화로 인해 일 할수있는 노동력이
급격하게 감소된것에 대한 문제
또한 생산성 감소등으로 인한
농촌의 생활 수준의 저하등등
개선방안

외국인 노동자를 들여옴으로써
국제사회의 협럭과 더불어 상호 우호관계를
맺음으로써 노동력 확보와 농촌의 생산성
증대에 크게 이바지할것이라 사료됨

별첨 저의 지인이 몽골 울란바토르에서
오랜동안 살고있습니다 그곳의 사정을
누구보다도 잘알고 그곳에서 많은 현지인들과
친분도 두텁게 사업을 하고 있고
이번에 우리군과 협럭해서 많은 노동력을
한국으로 보내고 또한 몽골과 영동군의
자매결연을 통해 서로 서로 상생 할수
있으리라 봅니다
기대효과
노동력 확보
생산성 증대
생활수준 향상",2022-07-08,"국민신문고 제안(1AB-2207-0008220)에 대해 다음과 같이 답변토록 하겠습니다.

○ 답변 내용

안녕하십니까? 귀하께서 국민신문고에 제출하신 제안(신청번호 1AB-2207-0008220)에 대한 검토 결과를 다음과 같이 알려 드립니다.

귀하께서 말씀하시는 외국인 노동자는 외국인 계절근로자를 말씀하시는 것으로 사료 됩니다.
외국인 계절근로자는 법무부의 승인을 받아 농촌에 단기간 도입하는 근로자로, 농가에서 직접 고용 가능한 방법은 2가지입니다.
첫 번째는, 다문화가정의 외국인 가족 초청이며,
두 번째가 귀하께서 말씀하시는 외국 지자체와 MOU 체결 후 해당 외국 지자체의 주민을 초청하는 방식입니다.
현재 영동군은 자매결연도시인 필리핀 두마게티시와 MOU를 체결하여 2022년 상반기 외국인 계절근로자가 입국하여 근로 중에 있으며,
코로나19로 인해 중단되었던 다문화가정의 외국인 가족 초청도 2022년 하반기부터 다시 시작하였음을 알려드립니다.
두마게티시에서의 계절근로자 초청이 문제가 없고, 행정과 민간협력팀에서 다른 해외 지자체와 추가 MOU가 진행되고 있습니다.
또한, 외국인 계절근로자 지침상 MOU 체결 시 외국 지자체 선정, MOU 체결과정이 투명하고 공정해야 하며 개인 또는 단체에 업무를 위임 시 MOU 체결이 취소될 수 있다고 명시되어 있으므로, 귀하를 통한 지자체와의 연락은 불가능함을 알려드립니다.

귀하의 관심 및 제안에 감사드리며, 기타 문의사항이 있으실 경우 영동군청 농정과 친환경농업팀(043-740-3464)으로 문의하여 주시기 바랍니다.

끝.",2022-07-14,영동군,답변완료
전동킥보드 운전면허증 미소지자 이용불가 및 단속으로 안전성 향상,"현황 및 문제점
안녕하세요? 생활공감정책참여단 8기 황익식입니다.

일부 전동킥보드 업체는 어플 설치 후 이용 시, 운전면허증을 등록해야 사용할 수 있도록 설정되어 있습니다. 하지만, 최근에 생긴 전동킥보드는 운전면허증 등록 절차가 없는지, 교복을 입은 학생들이 전동킥보드를 이용하는 모습을 봤습니다. 여기서 문제점은, 헬멧 미착용, 2인 이상 탑승, 도보 이용 등 도로교통법에 어긋나는 행위가 반복되고 있음에도, 보행자 및 운전자는 불편함을 겪고 개선되지 않고 있다는 문제점입니다. 종종 거리를 이용하다 보면, 경찰분들이 순찰을 다니며 규정에 맞지 않는 이용객을 발견했을 시 방송으로 경고를 주고는 있지만, 벌금을 부과하거나, 시민들이 신고할 수 있는 등의 규제가 없기 때문에 전동킥보드를 이용하는 사람이 인도로 이동하면 보행자들이 비켜야 하는 등의 불편함이 증가하고 있습니다. 시민들이 불편함을 겪고있는 만큼 담당업체의 책임만이 아닌, 전동킥보드가 있는 곳이라면 각 지역에서 관리하는 담당자를 지정하여 시민들의 불편함을 해소해 주셨으면 좋겠습니다.
개선방안
○ 모든 전동킥보드 업체들이 운전면허증을 등록해야 사용할 수 있도록 개선
○ 경찰 단속 이외, 시민들도 전동킥보드 불편사항을 신고할 수 있도록 방법 마련
- 킥보드에 시군별 담당관리처 연락처를 기재하여 신고접수 → 관리처에서 담당업체로 연락하는 등의 대책마련
○ 규정 미준수 시 벌금부과 강화(헬멧 미착용, 2인 이상 탑승, 도보 운전 등) → 시민들이 신고할 수 있는 방법 마련
기대효과
○ 규정 미준수로 인해 발생하는 인명 및 물적 피해 감소
○ 규정 준수 시 보행자, 운전자들의 안전성 및 편의성 증가
○ 시민들의 불편사항 접수 및 해결을 통해 전동킥보드로 인해 받는 스트레스 감소
○ 벌금부과 등의 규제로 인해 시민의식이 증가하면서 안전성 향상 및 사고율 감소",2022-07-06,"국민제안(1AB-2207-0005197) 심사 결과를 아래와 같이 제안자에게 통보하고자 합니다.

1. 제안요지 : 전동킥보드 운전면허증 미소지자 이용불가 조치, 단속강화 및 신고방법 개선 요청

2. 심사결과 : 불채택(단순참조)

3. 답변내용(검토결과)
- 귀하가 제안한 '전동킥보드 운전면허증 미소지자 이용불가 조치, 단속강화 및 신고방법 개선 요청'에 대하여 아래와 같이 답변 드립니다.
- 우리도내 각 시군과 대여업체간 업무협약을 체결하여 전동킥보드 이용시 운전면허증 인증을 거쳐야 사용할 수 있도록 지속적으로 조치하였습니다.
- 또한, 개인형 이동장치(PM) 관련 도로교통법이 개정되어 2021. 5. 13일부터 무면허운전, 동승자 탑승, 안전모 미착용 등 위법사항에 대해 우리도 경찰청에서는 단속을 철저히 실시하고 있으며, 우리도에서는 이용자 및 보행자 안전사고를 예방을 하기 위하여 단속 강화를 지속적으로 요청하고 있습니다.
- 현재 전동킥보드 불편사항 신고는 전동킥보드에 표기된 업체 고객센터를 통해 처리하고 있으며, 전동킥보드 대여업은 관련 법령이 제정되지 않아 지자체의 허가, 등록 없이 영업이 가능한 자유업으로 신고방법 개선(시군별 담당부서 연락처 추가)에 대하여는 관련 법령이 제정된 후에 검토하여할 사항으로 판단됩니다.
- 기타 답변내용에 대한 추가 설명이 필요한 경우 충청북도 교통정책과 박노훈 주무관(043-220-4282)에게 연락주시면 답변드리겠습니다.

붙임 국민제안신청서 1부. 끝.",2022-08-05,충청북도,답변완료
노인회 이대로 좋은가,"현황 및 문제점
70대독거노인으로맞춤형돌봄서비스를받고있던중건의사안이있어 복지관담당직원과면담시상대방에 말을진지하게 듣지도 않고일방적이고고압적으로서비스를 중단할수도있다는등의폭언과언행으로불쾌한감정을경험했으며 민원인에게서비스를제공하시던노인일자리어르신에게도참지못할모욕적인언사로인해""당신은나같은 부모도없냐""며울분을참고 항의했더니사과는커녕얼마후 일자리조차주지 않는 보복을 가했고박봉에 추위와 더위를 이기며어르신들을 보살피는자부심으로 일하는생활지원사들에도 지속적이고반복적으로직장내괴롭힘이라는모욕적이고수치 스러운언어폭력과고압적인자세로 군청노부사에게 사실관계를조사받는지경에 와있으며노동부조사도예정되있어결과에따라민헹사상에고소고발로 이어질상황입니다
민원인은이러한불미스런사태를 예견하고지부장님(노인회장님)을 찾아 뵙고위사례듵을말씀드린후 문제가 된직원이 장애인복지관에서도유사한일로현제의노인회로자리를 옮긴사실과노인회근무중에도동료복지사에게까지도직장내괴롭힘으로정신과치료를 받고퇴사란사례들을제시하며 과연 이런직원이노인복지업무가적절한지 제고해주시고자리를바꿔줄것을 건의하였으나 면전에서는 모든책임이 자신에게 있다고는 해놓고지금까지아무런조치없이 생활지원사들몇몇에 감성팔이 일탈로 치부 하는안일한생각으로 개가짖어도기차는간다는식아닌지요장기집권하면서노인회를자신들에 왕국인철웅성을 쌓은것은아닌가요 일선에서 묵묵히 어르신들을 섬기는지원사들에게 따뜻한의로와견려는못하더라도가슴에 대못을박아서 되겠습니까!군청담당부서와 선출직당선자들께서도노인회 해명에 뒷짚만지고있는건 아닌지요
세상에서 제일고귀한인간에존엄과인권에관한문제이고지원사들의 사기와의욕이관내어르신들의복지의질을 좌우하는것입니다 이것이문제의 핵심 입니다
지원사들은복지관 출입하는걸 지옥다녀왔다 표현합니다 어찌 노인회안에서 이런 회개망칙한 갑질이 벌어지는지요 감독에 책임이 있는 감독은 사표로 책임을지고 지부장은 도의적인 책임만 있다고 안일하게 대처 하는건 아닌지요 관장자리는 누구와의 갈등으로 무슨이유로 수시로 바뀌며 중간 임원들의 임기는 형식적 공고후 다시 그자리에 있는한 노인회의 쇄신은 어렵습니다
개선방안
지부장님은 사무국장을 거쳐 회장직까지 25년가까이 노인회를 지키고 계십니다 선출직은 임기까지 소임을 다하는것이 명예이지만 문제가 있다면 후배들에게 자리를 비워주는 용기도 자신에 명예를 지키는 것입니다
개혁에 주체가 개혁을 당하는걸 자청하지는 않는지요?
호미로 막을걸 가래로도 안되는 난제로 몰고간건 아닌지요 선출직 당선자님들에게 묻습니다 선거때 하늘에 별이라도 따줄것 같던 열정은 다 어디 갔습니까?
지원자들이 퇴는하여 눈물을 흘리며 아이들이 기다리는 집으로 가는일이 한두번이 아니고 한두사람이 아닌걸 진정 모르시는지요누가 이들의 애통하는 심정을 달래주며 누가 이들에 피눈물을 닦아주어야 합니까
특히 비례대표로 당선된 여성의원은 이럴때 힘이 되어주고 이들에 눈물을 닦아주라고 당선시킨거 아니던가요
지원사 선생님들에게도 당부입니다
선생님들에게 수고와 억울함 비통함을 주무부서 선출직 당선자 모두가 인지하고 해결하고저 노력하는걸 믿고 조금만 참아주세요
우리 영동군에 치부가 노인회의 무력함이 더이상 외부로 나가지 않도록 자중해 주실것을 간절히 호소합니다 해결이 미진할때는 필자라도 정보공개 신청후 정식으로 노인회 감사원 감사로 인사.예산 분야 비리를 밝히겠습니다
기대효과
생활지원자들에 사기진작과 노인복지에 질향상입니다",2022-06-30,"1. 귀하의 제안 참여에 감사드리며, 건승을 기원합니다.
2. 귀하께서 제안하신 '노인회 이대로 좋은가' 에 대하여 검토한 바,

- 노인맞춤돌봄서비스 사업 추진 진행 중 상급자의 직장내 괴롭힘 등의 민원접수와
관련하여, 해당 피해 근로자 등에 대하여 근무장소 변경 및 배치전환 등의 사전대응
조치를 취하였으며, 현재 객관적인 사실확인을 위하여 노무법인에 조사 의뢰하여
시설내 독립된 공간에서 관계자 면담 등의 조사가 진행중이며, 향후 조사결과 직장내
괴롭힘 발생 사실이 확인된 때에는 근로기준법 제76조의3에 따라 지체없이 행위자에
대하여 징계 등의 조치와 필요 시 지방노동관서에 과태료 등의 행정처분을 요구할
계획임을 알려드립니다.
- 아울러, 대한노인회 영동군지회장 임기 및 사무국 직원의 임용 자격요건은 (사)대 한노인회 정관 및 운영규정에 명시되어 있으며, 자체 지도점검 결과 영동군지회장 및 사무국 직원은 상기 규정에 따라 임용되어 본회 사업을 수행하는 것으로 확인되었습니다.

3. 상기와 같은 사유로 귀하의 제안하신 의견은 불채택함을 알려드리며, 우리 군에서도
노인복지 사업 수행 중 직장내 괴롭힘 예방조치 방안의 일환으로 직원 예방교육을 통하여
근무환경을 악화 시키는 행위를 근절할 수 있도록 지도감독에 철저를 기하겠습니다.

4. 답변 내용에 관하여 추가 문의사항이 있으신 경우, 주민복지과 노인복지팀(☎740-3355)
으로 연락주시면 답변해 드리겠습니다. 끝.",2022-07-08,영동군,답변완료
한국교통대학교 원룸촌 비닐 분리수거,"현황 및 문제점
한국교통대학교 분리수거장에 비닐 또한 분리수거가 필요하다고 안내가 되어있지만 비닐을 분리할 수 있는 공간이 없어 비닐을 일반 쓰레기와 함께 배출되고 있습니다.
개선방안
요도천 근방 분리수거 공간에 비닐을 분리할 수 있는 공간이 마련되었으면 좋겠습니다.
기대효과
비닐이 일반쓰레기 봉투에 섞이는 현상을 최소화 및 비닐 분리수거 증대효과",2022-06-26,"ㅇ 먼저 우리 시 시정업무에 관하여 소중한 의견을 주셔서 감사드리며
귀하께서 국민신문고를 통해 제안사항에 대하여 아래와 같이
답변드립니다.

ㅇ 귀하의 제안내용은 분리수거대 배출항목에 비닐을 추가 하여
분리수거 증대효과증진을 요청하는 내용으로 이해 됩니다.

ㅇ 현재 우리 시에 설치되어 있는 분리수거대는 일반플라스틱, 캔, 병, 투명페트병으로 구분되어 있습니다.
효율적인 분리배출을 유도하기위하여 가장많이 배출되는 항목을 우선으로 구분하였습니다.

ㅇ 귀하께서 제안한 비닐전용수거함 추가와 관련하여 추 후 분리수거대 제작시 해당항목을 추가하여 제작하는 방법을 고려 중임을
알려드리니 널리 양해하여 주시기 바랍니다.

ㅇ 귀하의 의견에 다시 한번 감사드리며 궁금한 사항이 있으실 경우 충주시청 자원순환과(850-6924)로 연락주시면
친절히 안내해 드리도록 하겠습니다.",2022-07-01,충주시,답변완료
옥천 안터마을 활성화,"현황 및 문제점
수고 많으십니다

올해 처음으로 옥천 안터마을 반딧불이 마을을 다녀왔습니다
차량출입제한으로 반딧불이 출현을 도와주고
의자도 곳곳에 설치하여 방문자들의 쉼을 도와주고 ~~ 참 좋은 느낌을 받았습니다
수고로이 일해주시는 주민들이 계시기에 가능했을꺼란 생각입니다
아쉬운 점은 포인트 개발이란 생각이 들어 제안합니다
개선방안
좀더 의견을 첨부하자면 반딧불이 나오는 곳이 워낙 많이 분포되어 있으니
반딧불이가 많이 나오는 곳은 말뚝과 줄을 이어 포인트를 만들어 주는 것입니다 .
길어야 되는 것도 아니고 한쪽에 몇개씩~
또는 코너라면 양쪽으로 ~
마지막 위치라면 디귿자 형태로~
경사로라면 몇개의 계단
또는 동화책에 나오는 세모 집. 새둥지를 크게 등등~~을 설치하여주는 것입니다

예를 들자면 아산이나 무주 제주 산양곶자왈 등에서 볼 수 있습니다
사진은 인터넷 이미지에 많이 있습니다
기대효과
안터마을 반딧불이 축제도 다시 시작할 수 있고 또한 많은 사진인들이 옥천을 알리므로
더 많은 사람들이 옥천을 찾게되고 시간이 지나면서
꼭 반딧불이 뿐만 아니라 더 좋은 방안도 생기고
좀 더 아름다운 옥천으로 기억되고 발전되지 않을까 싶습니다.",2022-06-26,"국민신문고 접수된 제안(신청번호:1AB-2206-0025856)에 대하여 아래와 같이 답변하겠습니다.

1. 제안개요
가. 제안인 :이옥자 (대전 대덕구 계족로663번길34)
나. 제안내용 : 옥천 안터마을 활성화
다. 채택여부 :채택(일부채택)

2. 답변내용
- 옥천군 안터지구 반딧불이 마을 활성화 사업의 일원으로 옥천군에서는 2022년도
반딧불이 복원사업을 현재 추진중에 있습니다.
반딧불이 복원사업으로 안터지구 동이면 석탄리 183,184 번지 일원에 서식지 복원
조경공사 진행할 예정으로 울타리 100m가량 설치, 반딧불이 서식을 위한 돌무지
조성 반딧불이 다수 출몰지점에 표지안내판 설치 4개 생태서식 안내판 3개정도 설
치하는 것입니다.
자연서식지 원상을 크게 변경하지 않는 것을 우선순위로 진행할 것임을 알려드립니다.
군정에 많은 관심을 가져주셔서 감사합니다.

붙임 국민 제안신청서 1부. 끝.",2022-07-08,옥천군,답변완료
"청남대 안내판의 위엄,분노한다","현황 및 문제점
1986년 대통령의 자녀와 손자가 청남대에서 부모와 같이
휴가를 보내는 모습의 안내판을 설치하고 딸을 ""영애"",손자를 ""영손"" 이라 게시함, 분노합니다.
개선방안
1.본 안내판을 철거한다,혹은
2.문구 수정 예)영애ㅡ따님, 영손ㅡ손자
기대효과
국민 평등 시대에 대통령의 자식을 영애,영손 이라 아부하는 구시대적 잔재를 삭재함",2022-06-26,"국민신문고로 접수된 국민제안(제안번호 1AB-2206-0025691)에 대하여 다음과 같이 답변하고자 합니다.

1. 안녕하십니까? 도정에 많은 관심을 보내주신 것에 대하여 감사드립니다. 귀하께서 국민신문고를 통해 신청하신 제안(제안번호 1AB-2206-0025691)에 대한 심사 결과를 다음과 같이 알려드립니다.

2. 귀하의 제안 내용은 ‘청남대 내 전직 대통령 안내판 문구 수정 또는 철거’에 관한 것으로 이해됩니다.

3. 귀하의 제안 사항에 대한 심사 결과를 다음과 같습니다.
가. 표준국어대사전에 ‘영애’는 윗사람의 딸을 높여 이르는 말이며, ‘영손’은 다른 사람의 손자를 높여 이르는 말로 명시되어 있습니다.
나. ‘영애’는 윗사람의 딸을 높여 이르는 말이며, ‘따님’과 비슷한 표현입니다. 전 대통령을 존대하여 표현하고자 하는 것이라면 전 대통령의 딸을 ‘영애’로 표현할 수 있습니다.
※ 다만 특별 우대를 했다거나 구시대적 발상이라는 표현은 화용적인 표현이므로 옳고 그름을 판단해 드리기 어려운 점 양해하여 주시기 바랍니다.
(출처: 국립국어원)
다. 표준국어대사전과 국립국어원에 ‘영애’와 ‘영손’은 대통령 뿐 아니라 모든 윗사람의 딸과 손자를 높여 이르는 말입니다. 이에 대하여 충북도는 귀하께서 제안하신 사항이 채택 되지 않았음을 알려드립니다. 청남대에 많은 관심을 가져주셔서 감사드리며, 다소 불편함이 있으시더라도 양해 부탁드립니다.

4. 귀하의 제안에 만족스러운 답변이 되었기를 바라며, 답변 내용에 대한 추가 설명이 필요한 경우, 청남대관리사업소 운영과 이종범 주무관(☏043-220-6416)에게 연락주시면 친절히 안내해 드리도록 하겠습니다. 감사합니다.

붙임 국민제안신청서 1부. 끝.",2022-07-22,충청북도,답변완료
한방엑스포공원 수도(음수대) 설치해주세요..,"현황 및 문제점
* 현황

한방엑스포공원은 해마다 박람회 행사를 하는 곳입니다.

또한, 평소에도 연일 많은 시민들과 타 지자체 관광객들이 방문하며 각광을 받는 곳입니다.




* 문제점

그런데, 토끼도 있고 꽃도 많은 쪽 공원에 수도(음수대)가 없어 매우 불편해합니다.
개선방안
한방엑스포공원 내 토끼도 있고 꽃도 많은 쪽 공원에 마실 수도 있고, 손도 씻을 수 있는 수도(음수대)도 설치해주시기 바랍니다.
기대효과
한방엑스포공원 방문객들이 더 편하고 즐겁게 공원 곳곳을 관람할 수 있을 것입니다.",2022-06-25,"1. 안녕하십니까? 제안 참여에 감사드리며 귀하의 제안에 대해 다음과 같이 회신하여 드립니다.

2. 귀하께서는 ‘한방엑스포공원 수도(음수대) 설치’라는 내용으로 제안해주셨습니다.

3. 제안하신 사항을 검토한 결과 현재 한방엑스포공원에는 자작나무숲과 바닥분수 인근(사진붙임)에 2개소의 음수대가 설치되어 있으며 공원 내 한방생명과학관과 국제발효박물관 등에 손을 씻을 수 있는 화장실이 마련되어 있음을 안내드립니다.

4. 위와 같은 사유로 귀하의 제안을 즉시 수용하지 못하는 점을 널리 이해하여 주시기 바라며, 기타 문의사항은 특화산업육성과(043-641-6784)로 연락주시면 성심성의껏 답변해 드리겠습니다. 감사합니다.",2022-07-01,제천시,답변완료
숨은 보물 찾기 제도 제안,"현황 및 문제점
괴산군 수옥정 폭포의 벽면에는 음각으로 한자가 각인되어져 있으며 떨어져 나온 일부의 돌에서도 글자와 유사한 형태의 음각이 확인되고 있다.
하지만 이것이 어떤 의미를 하는것이고 언제 만들어 졌으며 보호대상인지도 알수없으므로 문화재청이나 주무관청에서 확인하고 안내판등의 게시를 통해 설명이 필요하다.
개선방안
이런 형태의 것들이 발견되면 문화재청이나 주무관청에서 역사적 가치를 확인하고 설명, 안내, 주의, 경고 표지 부착하고 미게시에 따른 국민들의 알 권리가 보장될수 있도록 미게시 된곳을 찾아 게시를 확대해 나가야 한다.
또한 문화재청이나 시도군의 문화관굉 관련부 서의 경우 부족한 인원으로 모든 지역의 역사적 문화적 가치가 있는것을 면밀하게 조사 할수 없으므로, 지역민들과 관광객의 시선을 통해 미게시 또는 역사적 가치가 있을것으로 판단된 것은 제보를 통해 숨은 보물 찾기 제안제도를 도입하여 역사적 가치가 있는것으로 판단되면 포상, 상장 수여를 한다면 더많은 역사적 문화적 가치가 있는 것들을 찾고 보호해 나갈수 있을 것이다.
기대효과
1. 미게시 안내물 지속적 설명 요청 민원발생 예방
2. 국민 참여를 통한 광범위한 지역과 면밀한 탐색 가능
3.국민들의 역사적 현장의 관심도 상승
4. 공무원들 업무경감 방지",2022-06-25,"1. 먼저 우리군을 방문하여 주시고 우리군 소재 문화유산에 관심을 보내주신데 감사드립니다.
2. 귀하의 제안사항에 대해 답변드립니다. 말씀하신 주요내용은 우리군 연풍면 원풍리 소재 수옥폭포 앞 암벽에 있는 암각자의 내용에 관한 것으로 이해됩니다.
귀하가 보신 암각자는 조선 숙종 32년(1706) 연풍현감에 부임한 趙裕壽가 우연히 숲속에서 폭포를 발견하고 東岡 趙相愚를 위해 정자를 세웠다는 내용입니다. 또한 정자 옆 암벽에는 연풍사람들이 조유수를 기리어 새겼다고 전하는 조유수의 시가 암각되어 있습니다.
이와 관련한 내용은 우리군에서 발간한 괴산군지(1990), 괴산지명지(1997), 괴산군 문화유적분포지도(2004), 괴산군지(2013) 등에서 소개된 바있습니다. 수옥정에 대한 안내판은 붙임과 같이 제작설치하도록 하겠습니다.
3. 한편 우리군에서는 군내 유물유적에 대한 조사 및 지역사연구를 위해 매년 괴산향토사연구회를 통해 회원들의 연구 및 지역사자료 발굴을 위한 회지발행, 학술대회 개최 등을 지원하고 있습니다.
더 궁금한 사항에 대하여는 문화관광과 김영근에게 전화(043-830-3432)로 문의하여 주시면 성의껏 답변드리도록 하겠습니다. 감사합니다. 끝.",2022-07-28,괴산군,답변완료
탄소중립 스마트농업을 선도하는 재생에너지 활용 제안서,"현황 및 문제점
○ 고유가 시대에 폐프라스틱을 열분해 재생에너지를 이용 열병합 발전을 농업분야 적용 탄소중립 새로운 비전.제시
○ 농업 시설 내에 (축사.양식장.하우스) 발전가동시 발생되어 버려지는 열을 영농에 냉,난방 및 가축 분뇨 고체연료 활용으로 농업 경쟁력을 높이고 유연탄 대체수입 효과 탄소중립 및 환경 오염 을 해결 스마트농업에 활용한다.
○ 시설재배 농가에 재생에너지 발전기를 설치하여 버려지는 열과 가스(이산화탄소) 활용 농자재 및 인건비 상승으로 어려운 농가의 경쟁력을 높여 잘사는 농촌으로서 돌아오는 귀농귀촌 및 새로운 일자리 만든다.
○ 현재 농업용 농자재 및 인건비 상승으로 시설하우스 및 농가의 부담이 늘어나고, 계절별 농산물 집중출하로 인한 가격폭락으로 이어져 농업 환경이 열악해지고 있으며 가축 분뇨 처리 고충
○ 냉난방에 따른 시설농가의 경영부담 증가와 농업경쟁력 약화로 농촌인구 및 귀농귀촌인구 감소.CPTPP가입 개방정책 인한비해
○ 현재 농가에서 가축분뇨의 생산량증가로 온실가스 등 이 배출되고 있어 농촌의 대기환경이 나빠져도 적정한 대책이 전무한 실정임
개선방안
○ 시설농가에 가축농가에 신재생에너지 스마트 발전기를 제공함으로써 농업활용 함으로 환경 미세먼지 온실가스 가축분뇨 문제해결
-용도 : 가축농가의 고체연료생산설비 시설농가 냉난방설비 설치
○ 부가적인 전력판매 소득(농외소득)을 창출하고, 냉 난방비 절감하여 축산 시설농가 경쟁력을 높이고 축산농가의 가축분뇨를 건조(고체연료)로 축산악취 온실가스 감소
기대효과
○ 고유가 시대에 농가에서 폐프라스틱 열분해유로 전기를 생산하고, 버려지는열 을 시설원예 농가에 냉 난방 공급 하고 축분을 고체연료 생산 농가 의 경쟁력 높여 CPTPP 개방 의 정책을 보완 폐프라스틱의 새로운처리 방법을 제시한다
-가축분뇨 .처리시 발생되는 유해(악취)가스 제거설비를 설치하여 해결한다
-인구의 감소 대비 열대 과일 단지 조성 청년 귀농을 적극 유치할 수 있음
-세계적RE100 재생에너지에 농업의 경쟁력 강화 유연탄 수입대체 효과
○ 농업의 경쟁력 강화로 새로운 농업 환경을 조성하여 청 장년 새로운 일자리 창출. 떠나는 농촌에서 가고 싶은 농촌으로 귀농 귀촌 효과 증대.",2022-06-24,"국민신문고에 신청한 국민제안(신청번호2AB-2206-0016515)에 대하여 붙임과 같이 답변하겠습니다

붙임 1. 국민제안신청서 1부.
2. 답변내용(신재생에너지활용) 1부. 끝.",2022-07-26,보은군,답변완료
탄소중립을 위해 청주시가 당장 해야 하는 활동.,"현황 및 문제점
현재 청주시에서 종량제봉투가 굉장히 많이 팔리고 있습니다. 허나
현재 일회용품 사용 문제가 굉장히 심각하고 이는 기후위기를 가속화하고 있습니다. 그런데 현재 쓰레기 종량제 봉투는 40% 재생수지 60%일반수지로 배합하여 제작하는것으로 알고있습니다. 이는 사실상 주민들이 시에서 만든 종량제봉투를 사용할때마다 60%의 일회용품을 사용하면서 청주시는 2050까지 탄소중립을 실현한다는 모순이 발생되고 있습니다. 또한 ""녹색도시 청주""라는 슬로건이 무색해지게 친환경 마크를 달았다고 100%로 안 한다는 공무원들의 태업까지 발생되고 있습니다. 또한 본민원인이 재생수지비율을 100%로 하라 라는 민원을 넣으면 시에서는 ""100%로로 제작하는 공장이 없다."" 또는 ""우리 종량제 봉투는 이미 친환경 마크를 달았다."" 라고 합니다. 전자는 인과관계(원인과 결과)를 잘못해석하고 있는것으로서 소비가 있어야 생산을 하는 산업입장에선 '소비자(시)의 요청이 없는데 구지구태여 만들 필요가 있나?'라는 생각을 갖게 하여 결국 청주시의 재활용 산업을 시 입장에서 막고 있는 상황이며(재활용 수지를 업체에서 만들어도 현재는 재활용 시장크기나 소비가 없으므로 시에서라도 소비를 해줘야 하는데 그런것도 없음) 이는 쓰레기 대란과 비닐류 배출량을 가속화시켜 소각장 포화현상을 가속화 시킬것입니다. 현재 재활용 시장에선 파지를 이용하여 재생휴지를 만들고 있고 품질은 천연펄프로 만든 휴지와 99% 동일성을 가지고 있고 재활용 휴지는 가격이 값싸 소비자들도 많이 찾고 있고 환경에도 좋은 영향을 끼치고 있습니다.
재활용비닐수지를 사용한다면 푹푹찢어진다 (강도약화)라는 우려도 있는데 이는 사실이 아닙니다. 개선방안 링크를 타고 들어가면 비디오머그에서 취재한 내용이 있는데 이는 사실이 아니라고도 합니다. 링크가 오염됐다고 우려가 되신다면 유튜브에서 검색하셔도 됩니다.
현재 상가나 편의점등에서 일회용 비닐봉투의 사용을 전면적으로 금지하거나 제한하고 있는 실정인데 시에서 만드는 종량제 봉투의 과반이 일회용이라는 사실에 경악을 금치 못 할 것입니다.
개선방안
https://youtu.be/DtcY-oiG140
친환경 종량제 봉투 추적기 (feat. 서울, 인천, 세종 찍고 제천) / [노플라스틱캠페인 #11] / 비디오머그
현재 제천시는 비닐을 재활용한 수지를 100%로로 사용하여 일회용품 사용을 시에서부터 원천배제하였습니다. 시부터 먼저 솔선수범을 보여야 주민들이 따를 것입니다.
우리 청주시도 종량제봉투를 재활용수지로 100%로 제작하여야 하고 공고를 띄운다면 업체는 그렇게 제작을 할 수밖에 없을것입니다. 청주시는 이명박처럼 불도저같은 의지를 같고 이것부터 밀어붙여야 합니다.
만약 바로 어느시점부터 100% 재생수지를 사용한 종량제봉투를 사용하기에는 산업에 준비도 덜 됐고 행정적준비 등이 부족하다면 이렇게 하시는 것도 좋으실 겁니다. 업체 입장에선 종량제봉투를 생산할 정도가 되면 인장강도등 시로부터 우리가 생산한 봉투의 품질을 인정받는것이 되기 때문에 선정받고 싶어합니다.(투표용지 생산업체로 인정된다면 돈이 안 돼 더라도 품질로 인정받은 것이기 때문에)
공고를 띄우시고 '선착순' 기준치를 통과한 질 좋은 재생수지 100%로로 만든 종량제봉투를 만드는 업체가 나온다면 그 업체 2.3개를 지정하시고 향후 몇년간은 그 업체만 사용하는 독, 과점 계약을 추진하시는게 좋을겁니다. 다만 독, 과점으로 시행한다면 비리가 터질수도 있으니 이는 주의하셔야 할 것입니다. 비리를 방지하기 위해선 업체선정을 늘리면 됩니다. 이 방안은 아무도 참여를 안 하려고 할때, 최대한 빨리 해야 할때 쓰는 방법입니다. 근데 아마 공고를 하시면 대부분 알아서 만들수 있을 것입니다. 그런것도 못 만드는 기술력 수준이라면 애초에 계약 해지 시켜야 업체간 경쟁력이 올라갈 겁니다.
기대효과
탄소중립을 위한 청주시의 노력이 주민들에게 진정성과 설득력을 얻게 될 것이며 깨끗한 녹색도시 청주라는 사업목적에 맞는 사업이 될 것입니다. 또한 분리수거를 올바르게 한다면 이렇게 품질좋은 제품을 생산할 수있다는 이미지를 부각시켜 시민들의 자발적인 분리수거가 높아질 것이며 또한 재활용제품에 대한 소비가 증가한다면 재활용산업이 성장을 하게되고 재활용산업이 돈이 되기 시작한다면 투자도 될것이고 일자리도 만들수 있게되고 일자리가 많아진다면 다시 소비가 증가되는 이런 선순환의 구조가 만들어 질수 있습니다.
또한 재활용산업시장이 커지게 된다면 아래와 같이 산업이 풀리면 인재가 풀리고 지방이 살아나는 선순환을 만들어 국토균형발전까지 할 수 있을 것으로 기대됩니다. '종량제봉투 하나 만든다고 그런게 되겠어?' 라고 생각하신다면 크나큰 오산입니다. 시에서 의지를 갖고 투자하기 시작한다면 시장에서 반응이 나올것입니다.
앞으로도 이런 일회성이 강한 제품을 만드실때나 시나 구에서 만드는 제품을 모조리 재활용 제품으로 사용하신다면 탄소중립 실천으로 인한 연간 경제적 수해를 청주시가 입을수 있으며 이는 기후재난으로 인한 연간 경제적 피해를 줄이는 것으로 시작될겁니다. 또한 최초로 모조리 재활용품을 만든 청주시라고 명예를 얻을수도 있고 시 브랜드 사업과 이미지 사업으로도 좋을 것입니다.
용인에 210조 반도체 공장 투자를 했었을때 성대, 카이스트, 고려대 이런데서 반도체 학과가 생기기 시작했습니다. 산업이 풀리니 인재가 풀리고 인재가 서울 경기에 풀리니 그쪽은 질좋은 취업자리가 생깁니다. 그렇게 되면 소비도 당연히 증가될수 밖에 없죠. 수정자본주의의 논리에 따라 재활용 산업이 미미한 우리 청주시도 이런 재활용산업부터 투자를 시작해야합니다. 그 시발점이 청주시가 먼저 쏘아올려야 합니다. 투자를 한다는게 무조건 돈만 어느 기업에 대고 이런것이 아닙니다. 이것을 시작으로 국토균형발전과 탄소중립실현을 청주시가 했으면 좋겠습니다. 일회용품은 악입니다. 현재의 종량제봉투는 악 60%가 있다고 생각하시면 됩니다.",2022-06-24,"1. 안녕하십니까? 귀하께서 국민신문고를 통해 신청하신 민원에 대한 검토 결과를 다음과 같이 알려드립니다.
2. 귀하의 민원내용은 ＂종량제봉투 제작시 비닐재생수지를 100%로 사용하여 제작하자＂는 것으로 이해됩니다.
3. 귀하의 질의사항에 대해 검토한 의견은 다음과 같습니다.
가. 현재 청주시에서 제작하는 종량제봉투는 환경부 환경인증마크 획득 제품으로 재생수지 비율이 40%인 제품입니다.
나. 종량제봉투에 재활용 원료를 100% 사용하여 제작할 경우 품질을 보장할 수 없기 때문에 대부분의 지자체에서 제작을 못하고 있는 실정입니다.
다. 종량제봉투가 불량률이 높아지고 품질이 떨어진다면 이 또한 시민들의 생활에 큰 불편으로 다가올 것입니다.
라. 귀하께서 수차례 제안하신 내용을 정책에 반영하려 많은 검토를 하고 있지만 지금 당장 실행하지 못하는 점을 이해해 주시기 바랍니다.
4. 귀하의 질문에 만족스러운 답변이 되었기를 바라며, 답변 내용에 대한 추가 설명이 필요한 경우 청주시 자원정책과 지충현 주무관(☏043-201-4666)에게 연락주시면 친절히 안내해 드리도록 하겠습니다. 감사합니다.

붙임 국민제안신청서 1부. 끝.",2022-07-11,청주시,답변완료
칼바위 출렁다리 현수교 안전성 확보 방안 제안,"현황 및 문제점
칼바위는 화려한 경관과 천혜의 자연환경으로 충주시민외 타지역 사람들의 방문도 잦다.
칼바위에 위치한 충렁다리는 현수교 구조로 텐션와이어와 고정볼트가 구조적 안전성을 지지하고 있고 텐션의 균형의 힘의 배분을 위해 매우 중요하며 고정볼트가 상당량 풀려 있어 이용하는 사람들의 안전을 신뢰할수 없다.
이에 적극적인 점검과 보완 대책이 필요하다.
개선방안
고정볼트의 풀림을 확인할수 있는 아이 마킹 전수 표시 하고
록타이트 시공을 통한 풍압 및 외적진동에 의한 풀림 방지 실시하고 년간 1~2회 안전점검 실시 및 결과의 게시를 통한 안전성 확보 필요하다.
기대효과
1. 충렁다리의 안전성 확보 가능
2. 점검표 게시를 통한 이용자의 신뢰성 확보
3. 볼트 풀림 확인용 마이마킹 표시를 통한 시각적 볼트풀림
확인가능
4. 예방정비로 시설보수 비용 절감 가능",2022-06-24,답변 첨부합니다.,2022-07-18,충주시,답변완료
반려동물테마파크도 조성해 주세요..,"현황 및 문제점
* 현황

제천시는 곳곳에 시민 힐링을 위한 공원 조성을 많이 추진하고 있습니다.




* 문제점

그런데, 반려동물들과 함께 사는 시민들도 많은데, 반려동물들이 목줄 풀고 마음껏 뛰어놀 수 있는 반려동물 테마파크는 없습니다.
개선방안
-동물복지의 일환으로 삼한의초록길 드림팜랜드나, 의림지 피재골 등에 반려동물 테마파크를 조성해 주시길 바랍니다.
-반려동물 테마파크에는 반려동물 보호·관리시설, 놀이터, 캠핑장, 추모관 등 야외시설도 조성해 주길 바랍니다.
기대효과
동물에 대한 복지는 곧 사람에 대한 복지로 사람과 동물이 평화롭게 공존하는 세상에 한 걸음 더 가까워지고, 성숙한 동물복지문화 정착을 위한 한 방법이라고 생각합니다.




** 시일이 많이 걸리더라도 이 제안을 추진한다면 채택 바랍니다.",2022-06-22,"1. 안녕하십니까? 제안 참여에 감사드리며 귀하의 제안에 대해 다음과 같이 회신드립니다.
2. 장애란님께서는 반려동물테마파크 조성이라는 내용으로 제안해주셨습니다.
3. 귀하께서 제안하신 사항을 검토한 결과는 다음과 같습니다.
가. 반려동물의 복지증진 및 관련시설 설치에 따른 반려인들의 편의 향상을 위한 좋은 아이디어로 생각됩니다.
나. 다만 해당 부지 등을 확보하기 어려울 뿐더러, 확보한다 하여도 인근 주민들의 동의를 얻어야 사업을 추진할 수 있고, 예산확보 등 다각적인 사업의 검토 또한 필요한 실정입니다.
다. 천만 반려시대에 서울, 경기 등 대도시들에 비해 반려동물을 위한 기반시설이 부족한 것은 사실이나, 관련 정책들을 서서히 확대하도록 하겠으니 이점 양지하여 주시기 바랍니다.
4. 이 밖의 문의사항은 유통축산과 최용준(043-641-6876)으로 연락주시면 성심성의껏 답변해 드리겠습니다. 감사합니다.",2022-06-30,제천시,답변완료
보조사업 현황및 수요조사의 공지및 알림의 방법에대한 개선방안 요구.,"현황 및 문제점
보조사업 수요조사 알림에 적극적이지않다 생각합니다.
면사무소 에서는 이장님께 공지하고
이장님께서는 방송으로 공지하는 현황입니다.
하지만 방송을 한다하여도 들에나가셔서 일하고 계신분들은 알수가 없습니다.
그러다보니 며칠 몇주가 지나서 어찌어찌 소문으로 접해서
수요조사 신청을 하러가면 신청이 마감되었다 합니다.
아니면 신청하러 갔는데 담당자가 자리에없어 한없이 기다리다 다른볼일이 있어
신청하지 못한채 나오는 경우도 허다합니다.
오늘 축산인 사료대금 지원사업이 있다는것을 우연히 접하여 신청하러 갔는데
어제날자로 마감되었다 하더군요.
허탈한마음 잡고 나와서 이동을 하다보니 앞으론 보조사업 수요조사에 대하여 유선으로는 못하겠지만 서면으로 해주시면
어떨까? 하는 마음으로 담당직원에게 전화로 문의를 드렸더니,
담 당 : ""안됩니다!! ""
""이것 저것 수요조사건이 너무많아 해드릴수 없습니다!!
저 : ""이장님이 방송하신다 해도 들에나가서 일하시는분들은 못듣습니다
그럼 어떻게 개선해주실수있는 방안이 있을까요?""
라고 여쭈니
담 당 : ""방송 다시듣기하시면 되는데요""
저 : ""80 넘으신 분이 그걸 어찌 하십니까?
어떻게 방법이 없습니까?
담 당 : ""군청 홈페이지 공고 보시시거나
그런걸로 확인 하셔야 됩니다""
저 : ""정말로 방법이 없습니까?""
담 당 : "" ...........""
담 당 : ""네""
저 : ""개선을 할수 없으시다는 말씀이시네요?""
담 당 : "".............""
""네""
저 : ""알겠습니다""

약간의 이해는 됩니다.
업무가 많아서겠지... 라고
하지만 여러번, 아주 아주 여러번 산업계를 가지만
다반의 자리비움.
다반의 불만족.
귀찮게 왜? 왔어??
라는 태도만 보고옵니다!!
한마디로 요약하자면
필요하면 군청홈페이지가서 보고 확인하고 신청 해라
공고했는데 못본건 당신들 입장이다!!

70대 80대 어르신들이 군청 홈페이지 볼수가 있을까요?
과연 그걸 군청 홈페이지에서 보실수있는 어르신들이 몇분이나 계실까요?

그냥 ""귀찮다""
""난 모른다""
""군청 홈페이지봐라""
""그걸모른 당신이 잘못한거다""
라는 느낌만 받은 하루가 되어버렸습니다

누구든
어디서든
모든정보를 접할수있다고
생각하시나 봅니다

취약계층이 있다는걸 생각해주시고
국민들이 조금더 혜택받을수 있도록
해당 국민들에게 서면으로 공지 부탁 드립니다

""보조사업이 있어서 혜택받으실수 도 있습니다""

어르신들 만이라도 안내장 부탁 드립니다









개선방안
보조사업 수요조사에 관하여
60대 이상이신분들 서면 통보 부탁 드립니다.
기대효과
젊은 농부 늙은농부 차별말고
공정히 혜택이 갈수있습니다.
다들 같은 농업인입니다!!",2022-06-21,"1. 안녕하십니까? 평소 군정 발전에 협조하여 주심에 감사드리며, 귀하의 무궁한 발전을 기원합니다.
2. 귀하께서 건의해주신 내용은 '보조사업 수요조사 시 서면 통보'로 판단됩니다.
3. 현재 보조사업 현황 및 수요조사 공지 시 일차적으로 공문 발송 후 마을에서는 이장님께서 방송 등을 통해 내용을 전달하고 있습니다. 개인에게 각각 서면통보를 하는 것은 현실적으로 어려운 실정으로 앞으로는 이장님 및 작목반장님들께서 방송이나 문자 등 더 다양한 방법으로 안내할 수 있도록 참고하겠습니다.
4. 귀하의 소중한 의견에 감사드리며, 위와 같은 사항으로 제안을 채택할 수 없음을 양해 부탁드립니다. 기타 문의사항이 있으신 경우 영동군청 기획감사관(043-740-3055)으로 연락주시면 친절하게 안내해 드리도록 하겠습니다. 감사합니다. 끝.",2022-07-27,영동군,답변완료
시대의 특성을 고려한 소통환경 배려(실천과 요청)운동 제안,"현황 및 문제점


1> 제안개요

조직의 변화가 있을 때마다 소통의 중요성을 경쟁적으로 강조함에 비추어 사소한 사건 사고에서 대형 사건 사고들까지 발생 원인 상당수가 소통이 원만하지 못함에 발생하였다.

시대의 특성을 고려한 소통환경 배려의 중요성을 고려한 지능 정보화 기본법 제45조 제46조에 공공기관·단체들의 의무 규정까지 마련되어 있다.

이도 부족하여 적극 행정 운영 규정 모법을 행정 기본법과 국가 공무원법을 근거로 하면서 제 16조를 신설 개정하여 적극 행정 수행자들의 불편함 마저 해결(2021년 12월 9일부터 시행하는 규정으로)해 놓고 있다.

이러함에도 소통환경 관리·운영 사례로써 본받을 만한 사례를 찾기가 쉽지 않으며, 유익한 방안이 있더라도 적극적으로 추진할만한 곳을 찾기가 쉽지 않다.

이번 코로나19에서 봤듯이 소통에서 국내 본받을 만한 사례 발굴·창출을 하면 전 세계에서 본받을 사례란 점이며 이는 전 세계에서 모방 사례 자원이란 점이다.

개선방안
2>제안 내용

각종 사회문제 극복, 예방, 해결함에 기본 중의 기본인 현황 관리·운영을 비롯하여 업무 추진 과정상 관계자 간의 갈등 예방과 조기 해결방안으로 업무 메뉴얼임이 상식처럼 인식됐다.

하지만, 현황이나 업무 매뉴얼 확인 여부 문의 시에 다 되어 있다고 함에 비추어 본래의 취지에 맞게 현황이나 업무 매뉴얼을 보유하고 관리·운영하는 곳으로서 본받을 만한 사례를 찾기가 쉽지 않은 실정이다.

어느 기관·단체장들은 물로, 작은 부서장에서 대통령까지 강조한 내용의 추진 방향 설정에 있어서 가장 많이 거론되고 참고되는 것이 현황 파악이 아닌가 말이다.

제안제도 운영상의 문제로 제안을 많이 했던 사람들이 제안하지 않은 경향이 함께 늘어나는 현상임에도 불구하고 현황 관리·운영과 업무 매뉴얼 작성 필요성을 바탕으로 적용될 방안이 채택된 것이 있다.

따라서 다음과 같은 방법을 제안한다.

1) 소요 예산과 인력은 기존 현황 관리·운영이 가장 장기간 방치되듯이 제대로 되지 않은 것부터 현황 점검을 하면 그 결과물들 해결방안을 모색함에 필요한 예산과 인력이 확보됨을 찾아 활용하자는 것이다.

이런 예로서 공공근로자를 비롯하여 공공 일자리 정책으로 제공되는 일자리들 현황과 사회복무 요원 정책들만 한 경우를 찾기가 쉽지 않다.

2) 공공 일자리 참여자들과 사회복무 요원들 중 공익성 민원 및 제안 경험자들 확보 방안

3) 소통환경을 비롯하여 애로(민원)사항과 희망(건의 및 제안) 사항들 현황 점검부터 추진하자는 것이다

4) 구체적인 추진 방법

공익성 민원 및 제안을 일정(예; 국민 신문고 이용점수 5천 점 이상) 정도 직접 경험한 사람으로서 상담 분야(직업 상담사 2급 및 심리 상담 관련 학과 20학점 이상 이수자)의 일정 소양이 있는 자로써 아래 방법으로 추진

(1) 자체 추진 방안

(2) 순환보직제 등으로 전문성과 지속성 등의 사정으로 협업 및 위탁

(3) 국민신문고를 비롯한 각 제안제도를 통하여 채택된 제안자나 보유자 선정 위탁 방안

(4) 본 제안자에게 자문 협치 위탁 들 중 선정 방안

기대효과
3> 기대효과

여러 가지 처음 경험(언론에 보도됨 등) 하는 효과들을 비롯하여 전국에서 처음으로 시작함에 따른 전국의 관심에 따른 보람 등에 따른 효과.



4> 결론

이런 경우 “조병옥 음성군수, “군민·소통 강화 및 적극 행정” 강조;

www.dailycc.net/news/articleView.html?idxno=716033“

“민원과 갈등은 초기에 해결하지 않으면 결국엔 해결에 어려움을 겪고 행정적, 재정적 손실까지 입게 된다”라며 “각종 집단·개별 민원이 발생할 때 갈등을 적극적으로 중재하고 사전에 주민의 목소리에 귀 기울여 주민 불편을 해결할 수 있도록 노력해 달라” 함까지 제대로 된 방향은 현황 관리·운영과 업무 매뉴얼 활용을 기본으로 하지 않은 이상 진행 과정의 시행착오, 갈등 발생 시 해소 방법, 문제점 조기 발견 등을 해낼 수 없음을 알게 된다.

모방 될 수밖에 없기에 함께 유익한 사례를 만들자는 것이다.끝.",2022-06-21,"1. 안녕하십니까? 음성군 군정발전을 위한 귀하의 소중한 제안에 깊은 감사를 드립니다.
2. 귀하의 제안 내용은 '민원 및 제안에 경험이 풍부한 인물로 자문단을 구성하여 민원, 제안심사 또는 채택제안의 실시 시 자문 받을 수 있는 소통환경 마련‘인 것으로 보입니다.
3. 귀하께서 제안하신 사항을 검토한 결과는 다음과 같습니다.
가. 접수된 제안의 심사 시에는 실시가능성, 창의성, 효율성 및 효과성, 적용 범위, 계속성 등을 고려하여 심사하며, 실질적으로 군정에 반영 가능한 제안을 채택·실시합니다.
나. 이를 검토하는 데에는 음성군정에 대한 이해와 업무에 대한 지식이 바탕이 되어야 하는바, 귀하께서 말씀하신 제안의 경험이 있는 인물로 구성된 자문단의 경우 음성군정과 관련된 현황 및 업무에 대한 지식이 전문적이라고 할 수는 없을 것으로 보입니다.
다. 또한, 우리 군에서는 군정의 주요정책에 대한 자문을 위해 각 분야의 전문가로 구성된 정책자문단이 구성되어 운영 중에 있으며, 군정현안에 대한 다양한 의견 수렴 및 합리적인 문제해결방안 모색을 위해 민·관·정 협의체를 구성하여 운영 중에 있습니다.
라. 아울러, 민선8기 출범을 앞두고 군민들이 직접 지역자원 활동 및 지역사회 문제에 대한 토의를 진행할 수 있는 거버넌스 위원회인 음성사랑행복위원회 구성·운영을 추가 검토 중에 있습니다.
마. 이와 같이 우리 군에서는 민원해결 및 제안처리에 대해 자문할 수 있는 단체가 기 구성되어 활동 중이므로 새로운 자문단을 구성하는 것은 효율성이 떨어질 것으로 보이며, 더불어 접수된 제안에 대해 국민과 전문가의 의견을 듣고자할 경우 국민생각함 등 온라인 국민참여 플랫폼을 통해 의견을 청취할 수 있는 방안도 마련되어 있습니다.
바. 추가적으로, 귀하께서 유선상으로 말씀하신 제안 처리자의 제안 취지 임의 해석, 처리자 또는 결재자의 이해 부족 및 순환보직에 따른 전문성 결여 등으로 좋은 제안이 채택되지 못하는 경우가 다수 발생한다는 의견에 대해서는
1) 의미가 모호한 제안 접수 시 사전에 제안자와의 소통을 통해 명확한 제안의도를 파악할 수 있도록 지도하겠으며,
2) 인사이동에 따른 업무공백 및 누락을 방지하고자 현재 우리 군에서는 각종 업무매뉴얼을 작성 중에 있는바, 지속적인 업무매뉴얼 관리를 통해 인사이동 시 빠른 업무(현황) 파악 및 처리가 가능하도록 할 예정임을 알려드립니다.
4. 위와 같은 사유로 귀하의 제안을 불채택함을 양해해 주시기 바라며, 앞으로도 군정에 대한 지속적인 관심과 참여 부탁드립니다. 기타 궁금하신 사항은 음성군 기획감사실(☎043-871-3045)로 문의주시면 친절히 안내해 드리도록 하겠습니다. 감사합니다. 끝.",2022-06-24,음성군,답변완료
유해어종퇴치 행사,"현황 및 문제점
배스나 블루길은 외래어종으로 퇴치해야할 어종입니다.
19년도까지는 낚금이었던 호암지에서 매년 봄쯤 유해어종퇴치행사를 했던것으로 아는데 코로나로 행사가 멈춘것 같습니다.
개선방안
요즘 루어낚시 인구도 늘고 하나의 스포츠로 자리잡고 있습니다. 그러기에 시민 공원인 호암지에서 일시적 낚시 허용 기간을 주고 유해어종 퇴치행사를 하게 되면 충주도 알리고 생태계도 보존된다고 사료됩니다
기대효과
충주호암지 홍보
유해어종 퇴치
루어스포츠 활성화",2022-06-17,"국민신문고에 접수된 제안에 대한 심사 결과에 대하여 붙임과 같이 답변하고자 합니다

1. 신청번호 : 1AB-2206-0015136
2. 접수번호 : 2AB-2206-0011881
3. 접수일자 : 2022.06.23.
4. 민 원 인 : 권**
5. 제안요지 : 유해어종퇴치행사

붙임 국민신문고 답변서 1부. 끝",2022-07-04,충주시,답변완료
"택시가 없어요.. 야간운행 택시에 인센티브 부여하던지, 대리운전요금 지자체 지원으로 인하, 시내버스운행 야간~새벽시간대 확대바랍니다..","현황 및 문제점
* 현황

제천시에도 택시는 많습니다.




* 문제점

그러나, 코로나19 장기화로 택시 운행이 크게 줄면서 야간에 택시 잡기가 어려워졌으며, 거리두기 해제 이후에는 저녁 6시부터 택시를 잡을 수가 없고, 택시들이 아예 콜센터 콜을 받지 않고, 밤 10시 이후에는 시내버스도 없어 귀갓길 시민들의 불편 불만이 가중되고 있습니다.

이에, 서울시 등 지자체들은 택시요금 심야할증시간대를 3시간 앞당겨 운행 대수를 늘리는 방안을 검토 중이라는데, 이는 사실상의 택시요금 인상인 만큼 시민들의 불만이 더 커질 것으로 예상됩니다.
개선방안
-지자체와 택시업계가 협의해 야간운행 택시에게 사납금 인하 등 인센티브를 부여하길 바랍니다.

-아니면, 지자체에서 대리운전요금을 일부 지원으로, 시민들이 대리운전을 이용할 시, 대리운전 기본요금을 8,000원대로 인하바랍니다.

-또는, 야간~새벽시간대까지 시내버스 운행횟수를 확대하고, 이 시간대 운행 기사에게 인센티브를 부여하길 바랍니다.
기대효과
야간에 귀갓길 시민들, 특히 서민들의 불편 불만이 좀 해소될 것이며, 운송업체 간 선의의 경쟁심을 유발해 형평성 문제도 검토하지 않아도 될 것으로 사료됩니다.",2022-06-14,"1. 안녕하십니까? 제안 참여에 감사드리며 귀하의 제안에 대해 다음과 같이 회신해 드립니다.

2. 장애란님께서는 야간택시 부족에 따른 인센티브 제공 및 대리운전 요금 인하 또는 시내버스 야간 운행 확대 등 다양한 대체 방안에 대하여 제안해주셨습니다.

3. 귀하께서 제안하신 사항을 검토한 결과는 다음과 같습니다.
- 야간 택시 부족에 따른 시민 불편에 대하여 교통과 역시 택시부족 원인을 파악하고 다양한 해결방안을 모색하고 있습니다.
- 먼저, 야간 운행 택시에 대한 사납금 인하 등 인센티브 제공은 운송수입금 전액관리제에 근거하여 노·사간 협약에 의한 사항으로 지자체가 개입하기 어려운 사안으로 판단됩니다. 다만 기타 인센티브 제공 가능성에 대하여 검토해 보겠습니다.
- 대리운전은 지자체의 인·허가를 요하는 사업이 아니며, 이에 따라 요금제 역시 시장원리에 의하여 자율적으로 정하여지고 있습니다. 따라서 지자체 재원으로 대리운전업체에 차액 보전방식의 요금인하 또한 어려울 것으로 판단됩니다.
- 마지막으로, 현행 근로기준법에 의거 근로시간이 주52시간으로 제한되어, 야간 심야시간대 시내버스 운행 확대는 어려운 상황입니다.
- 야간 택시부족에 따른 다양한 제안에 감사드리며, 교통과 또한 시민의 불편을 해소할 수 있도록 택시업계와 긴밀한 협조 및 해결책 모색을 위하여 노력하도록 하겠습니다.

4. 이 밖의 문의사항은 교통과(043-641-6332)로 연락주시면 성심성의껏 답변해 드리겠습니다. 감사합니다.",2022-06-23,제천시,답변완료
백화산 등산로 훼손,"현황 및 문제점
지난주말 백화산 등산을 위해 황간면 반야교를 기점으로 주행봉과 한성봉을 올랐습니다.
명성대로 급경사를 여러번 오르내려야 했고 산행 거리 대비해서 쉽지 않은 산행이었습니다만,
탁트인 조망과 길을 가리는 울창한 나무숲, 하산길에 마주친 멧돼지 가족까지 모두 좋았습니다.

제안 드리고 싶은것은 주행봉 주변 칼바위능선에 과도한 수준으로 설치중인 쇠말뚝 펜스가
멋진 풍경을 많이 훼손한다는 것입니다.
개선방안
안전사고가 발생해서 이를 줄이고 더 많은 등산 동호인들이 찾게 하실 목적에는 반대하지 않지만
우회로를 놓든지 하는 식의 다른 방법으로 안전을 확보할 생각은 없는지 궁금합니다.

아직 공사가 진행중이어서 더 그렇겠지만 심하게 말하면 처참한 수준으로 망가뜨리는 듯 하여
등산애호가로서 마음이 많이 아픕니다. 감사합니다.
기대효과
자연보호",2022-06-14,"1. 평소 영동군정 발전에 관심을 가져 주심에 깊이 감사드리며, 국민신문고를 통한 제안(2AB-2206-0011159)에 대한 검토결과를 다음과 같이 알려드립니다.

2. 귀하의 제안 내용은 ""백화산 등산로 자연환경 보호""에 관한 것으로 판단되며, 제안사항에 대해 검토한 의견은 다음과 같습니다.

가. 백화산 등산로가 과도하게 훼손되지 않았으면 하는 귀하의 고견은 충분히 공감합니다.
나. 백화산 등산로는 칼바위 능선으로 인하여 매년 안전사고 및 헬기출동이 잦은 지역으로 등산객의 안전 및 백화산 등산로의 활성화를 위해 22년 12월까지 정비사업을 추진 중입니다.
다. 다만, 현지 여건상 우회로 개설은 어려운 실정이며, 안전상 문제로 난간설치는 불가피 함을 이해해주시기 바라며
라. 백화산 등산로의 자연환경이 최대한 훼손되지 않도록 주의하여 사업 추진에 만전을 기하겠습니다.

3. 귀하의 제안에 대한 추가설명이나 답변이 필요한 경우 영동군청 산림과 구현경 주무관(☎043-740-3342)에게 연락주시면 친절히 안내해 드리도록 하겠습니다. 감사합니다. 끝.",2022-08-31,영동군,답변완료
전국광역단체장에게 바란다 목록 공개 제안,"현황 및 문제점
국민패널 김정식입니다.
1. 개요 : 전국 17개 광역단체 홈페이지에서 ""도지사(시장)에게 바란다""
목록이 비공개되어 있어 시민의 진솔한 이야기가 무엇인지 알 수가 없어 소통에 어려움이 있음
2. 현황 및 문제점
가. 17개 광역단체 중 목록 비공개 : 6개 광역단체
나. 목록 비공개로 시민의 진솔한 이야기를 알 수가 없음
다. 목록 비공개로 시민과의 소통창구 역할 미흡
개선방안
1. 도지사에게 바란다 목록 공개로 시민과의 소통
* 공감대 확산으로 도민 누구나 제안하는 분위기 조성
기대효과
1. 목록 공개로 도민의 생각을 알 수 있어 도정 구현에 기여
2. 소통하는 광역단체장 홍보 효과",2022-06-14,"안녕하십니까? 귀하가 제안하신 ""도지사홈페이지 도지사에게 메뉴의 민원 및 제안 목록의 공개"", ""국민신문고 연계된 상태를 해제하고 직접답변""에 대하여 아래와 같이 답변드리고자 합니다.

첫번째, 도지사홈페이지 도지사에게 메뉴의 민원 및 제안 목록의 공개에 대하여 답변드립니다. 작성자(민원인)가 내용을 비공개 또는 공개하느냐에 따라 내용의 목록 공개여부가 결정되고 있음을 먼저 알려드립니다. 따라서, 도에서 비공개 목록에 해당하는 건을 임의로 공개처리할 수 없는 상황임을 알려드립니다. 다만, 작성자가 공개한 내용의 목록은 ""도지사에게"" 메뉴 화면 상단의 '공개민원 바로가기'와 '공개제안 바로가기'를 통해 국민신문고로 접속하여 확인하실 수 있음을 알려드립니다.
두번째, 국민신문고 연계된 상태를 해제하고 직접답변 할 수있는 게시판 신설에 대하여 답변드립니다. 국민신문고와 연계된 ""도지사에게"" 메뉴는 제기된 민원사항에 대하여 효율적인 부서배정, 답변, 해결이 가능하도록 구현되어 있습니다. 민원인들에게 신속, 정확한 민원행정서비스를 제공하기 위하여 국민신문고와 연계하여 서비스를 제공하고 있음을 알려드립니다.

위와 같은 사유로 귀하의 소중한 제안을 불채택(시행중, 단순참조) 처리함을 양해하여 주시기 바라며, 추가적인 문의사항이 있을 경우 충청북도 정보통신과 김영기 주무관(043-220-2665)로 전화하여 주시면 친절하게 설명드리도록 하겠습니다. 감사합니다.",2022-07-28,충청북도,답변완료
충주시 의회로비 미술전시장 재개 요망,"현황 및 문제점
1. 충주시 미술전시장 절대부족
.-많은 미술인들이 개인,단체전시일정을 잡지못한 상태이며, 특히 가을철에는 전시장 대관은 하늘에 별따기임
2. 충주시립미술관 건립이 계획되어있으나 현재 문광부 신청중으로 언제 사업실시될지 아무도 모름
3 .작년에 미술인들의 건의로 허브센터 강당을 전시장으로 임시사용하였으나 올해는 5월이 다가는데 현재까지
전시장 시설 대관을 시행하고있지 않고있고 대관을 하여여 여전히 가을에는 전시장이 부족함
4. 가을에 시행하는 우륵문화재때 시에서 일괄 전시장 확보로 가을전시장 대관은 더욱 어려움
개선방안
1. 충주시청 의회로비 전시장 재개의회를 요청합니다
12년~15년전에는 시 의회로비전시장이 있었으나 주민센터의 통합으로 성내동사무소가 이전으로인해여
미술전시장으로 개편되면서 자연적으로 의회로비전시장이 폐쇄되었는데 지금처럼 전시장 시설이 부족한 상황에서
전시장을 따로 건립하지않고 시보유 시설중에서 의회로비만한 넓은 공간을 찾을수없슴
2. 의회일정이라도 미술전시는 소음이 발생되지 않기때문에 문제는 없을것이며
의회일정으로 다소 곤란하다면 가을이라도 개방하면 전시장 대관에 숨통이 트일것으로 봄
기대효과
1. 21세기는 문화의 세기로 선진국으로 가는 필수요건임
우리나라의 급작한 경제발전으로 인하여 전문 예술인들이 곱절로 늘어나는 실테에 반해 문화시설은 따라가지
못한 실정으로
2. 충주시청 청사는 충주시민이 가장 많이 사용하는 시설로서 많은 시민들에게 문화를 보여줄수 있고
미술인들에게는 절대부족한 전시장 시설을 확보하는 차원에서 의회로비 전시장이 개관된다면 윈윈전략이 될수있슴

* 시민제안으로 신청을 하는데 소식이 없으면 국민신문고로 재 요청 하겠습니다",2022-06-10,"가. 시정에 깊은 관심을 가져 주시는 귀하께 진심으로 감사드립니다.
귀하께서 국민신문고에 접수하신 제안(접수번호 1AB-2206-0009922/2AB-2206-0006826)에 대한 검토 결과를 다음과 같이 알려드립니다.
귀하의 제안내용은 ""충주시 의회 전시장 확보”에 관한 것으로 이해됩니다.
나. 귀하의 질의사항에 대해 다음과 같이 답변드리겠습니다.
- 충주시 의회로비 전시장 재개 관련해서는 현재 충주시의회 청사 1층에 복지환경위원회가 신설됨에 따라 기존 로비의 면적이 많이 줄어든
상황이며 회기 중 상임위원회에 참석하는 집행부 직원들의 대기 장소 및 충주시의회에서 주관하는 토론회, 공청회 등을 1층 로비를 이용하
여 개최하고 있음에 따라 위와 같은 사정으로 의회 로비는 상설전시장으로 이용이 어려운 상황임을 안내해 드립니다.
- 충주시 문화예술 활동을 위한 전시장 확보에 관해서는 현재 시립미술관 건립을 위한 기본계획을 수립하고, 2027년까지 준공을 목표로 추진
하고 있으며 다른 전시 공간 확보를 위해 노력하고 있습니다.
- 현재 충주시 관내 전시공간을 안내해 드리면, 문화회관 전시실 및 관아갤러리(☏043-850-3914), 168아트스퀘어(☏043-848-5029), 충북중
원교육문화원 전시실(☏043-841-8936), 문화창업재생허브 강당 및 전시실(☏043-841-8939), 어린이과학관전시실(☏043-844-0077)을 이용
하실 수 있습니다. 이용에 참고하시기 바랍니다.
다. 귀하의 질문에 만족스러운 답변이 되었기를 바라며, 답변 내용에 대한 추가 설명이 필요한 경우
충주시 문화예술과 문화산업팀(☏043-850-5965)으로 연락주시면 친절히 안내해 드리도록 하겠습니다.
감사합니다. 끝.",2022-07-12,충주시,답변완료
출산률 제고 및 산모 건강 증진을 위한 충북도 내 공공산후조리원 운영,"현황 및 문제점
충북도는 경기 경북 전남 울산 등 타 도와 달리 도내 공공산후조리원이 없으며 청주시 내 민간 산후조리원도 포화상태로 입소가 힘든 실정
개선방안
출산률 제고 및 산모 건강 증진을 위한 충북도 내 공공산후조리원 운영
기대효과
출생률 제고 및 산모 복지 증진",2022-06-06,"국민신문고 1AB-2206-0003445호(2022. 6. 7.)로 접수된 '국민제안' 민원에 대하여 아래와 같이 회신합니다.

1. 민원개요
가. 민 원 인 : 오○성
나. 제안요지 : 출산률 제고 및 산모 건강증진을 위한 충북도내 공공산후조리원 운영건

2. 회신내용
가. 귀하의 무궁한 발전을 기원하며, 항상 도정업무에 관심을 가져 주셔서 진심으로 감사드립니다.

나. 산후조리원은 「모자보건법」제15조의17(지방자치단체의 산후조리원 설치)에 따라
도지사 또는 시장·군수가 관할 구역 내 산후조리원의 수요와 공급실태 등을 고려
하여 임산부의 산후조리를 위한 산후조리원(이하“공공산후조리원”이라 한다)을 설치
운영할 수 있다고 명시되어 있으나,

다. 현재 도내에 운영중인 민간 산후조리원은 총 11개소(‘22.6.10기준)에 달하며 이에 평균 가동율은 52.33%('21.12.31기준)에 불과 함. 특히 지역 및 시설, 서비스에
따라 편차가 많음.
충북도는 현재 출산율 제고를 위한 다양한 사업(산모·신생아 건강관리 지원사업 등)을 하고 있고, 민간 산후조리원의 가동률도 절반 수준에 불과하여 현 시점에서 매년 적자가 발생할 공공산후조리원 설치는 정부예산을 확보하는 등 다각적인
노력을 통해 설치 운영할 수 있도록 노력해 보겠음.

라. 아울러, 위 답변 내용에 대한 추가 설명이 필요한 경우 충청북도 보건정책과
김유리 주무관(☏043-220-3122)에게 연락주시면 친절히 안내해 드리도록 하겠습니다. 감사합니다.",2022-06-24,충청북도,답변완료
청풍호 주변에 예쁜 전망등대와 무한리필 먹거리상가를 조성해주세요..,"현황 및 문제점
* 현황

제천시 자연유산 청풍호는 내륙의바다라고 불릴 정도로 아름답습니다. 또, 인근에 비봉산, 청풍호케이블카 등 관광명소가 산재해 관광객들도 많이 찾는 곳입니다.




* 문제점

그러나, 관광객들이 소비할 만한 먹거리가 매우 부족합니다.
개선방안
경기도 안산시 오이도의 빨간등대처럼, 청풍호 주변에 트레이드마크로 예쁜 전망등대를 세우고, 편의점, 무한리필 먹거리상가를 조성하면 좋겠습니다.
기대효과
청풍호를 밝혀주는 등대는 지역비즈니스를 선도할 관광자원으로 또하나의 명물로 탄생할 것이며, 수도권 젊은 친구들도 주말이면 이 곳을 찾아 레포츠, 힐링으로 지역경제 활성화에 이바지할 것 같습니다.
또, 아름다운 청풍호를 낮, 밤으로 자연스레 홍보도 하고, 제천시로 이사 오는 사람들도 늘어나 인구 늘리기에도 한 몫 할 것이라고 생각합니다.",2022-06-05,"1. 안녕하십니까? 제안 참여에 감사드리며 제안신청 창구로부터 우리 기관으로 전해진 귀하의 제안에 대해 다음과 같이 회신하여 드립니다.

2. 장**님께서는 ‘청풍호 주변에 트레이드마크로 예쁜 전망등대 설치, 편의점 및 무한리필 먹거리 상가 조성’ 내용으로 제안해주셨습니다.

3. 귀하께서 제안하신 사항을 검토한 결과는 다음과 같습니다.

우리시에서는 옥순봉 출렁다리 조성, 청풍호 케이블카 지원사업 등 청풍호 주변의 관광 활성화에 노력하고 있습니다.
또한 우리시에서는 청풍대교 및 청풍호 주변의 야간관광을 활성화 시키고자 ‘청풍호반 야간경관 조성사업’을 추진 중에 있습니다.
이 사업을 통해 청풍대교 등 야간 볼거리를 제공하여 청풍호를 야간관광 자원으로 활용하고자 하는 사업이 진행중에 있으므로 전망등대 설치, 무한리필 먹거리 상가조성 등 아이템은 향후 관광 자원 발굴시 참고하도록 하겠습니다.

4. 위와 같은 사유로 귀하의 제안을 즉시 수용하지 못하는 점을 널리 이해하여 주시기 바라며, 이밖에 문의사항은 제천시청 관광미식과에 연락주시면 성심성의껏 답변해 드리겠습니다. 감사합니다.",2022-06-30,제천시,답변완료
청주공항 기차역 버스운행,"현황 및 문제점
청주공항역에 기차가 도착하면 청주공항역까지 걸어가는문제
오늘 대전역에서 청주공항역까지 걸어가면서 청주공항을 이용하는 이용객들이였는데 여행가방을 끌면서 1km나 되는 거리를 이동함.
개선방안
청주공항과 청주공항기차역을 순환하는 미니버스 운용
(코레일톡 청주공항 기차역 도착하는 기차시간표 파일첨부)
20번 도착하니 4량의 기차를 생각하면 회당 미니버스를 1~2회 정도 융통성 있게 운영하면 될것 같음)
기대효과
청주공항을 이용하는 이용객들이 청주공항에 접근하는 접근성이 강함.",2022-05-31,"국민신문고 (1AB-2205-0018359)호로 접수된 제안에 대하여 아래와 같이 답변하고자 합니다.

□ 제안요지
ㅇ 청주공항청사와 청주공항기차역을 순환운행하는 미니버스 운용

□ 제안채택여부 회신내용
1. 안녕하십니까? 국민제안은 정부업무에 관한 창의적인 아이디어를 제출하는 창구로 국민제안을 심사함에 있어 제안 해당 여부 및 채택의 여부는 아래의 국민제안규정에 근거하여 심사하고 있습니다.


< 국민제안규정 >



제2조(정의) 이 영에서 사용하는 용어의 뜻은 다음과 같다.
1. ""국민제안""이란 국민이 정부시책이나 행정제도 또는 행정운영의 개선을 목적으로 중앙행정기관의 장, 지방자치단체의 장 또는 교육감(이하 ""행정기관의 장""이라 한다)에게 제출하는 창의적인 의견이나 고안으로서 다음 각 목의 어느 하나에 해당하지 아니하는 것을 말한다.
가. 다른 사람이 취득한 특허권ㆍ실용신안권ㆍ디자인권 또는 저작권에 속하는 것 또는
「공무원 직무발명의 처분ㆍ관리 및 보상 등에 관한 규정」에 따라 보상이 확정된 것.
나. 접수하려는 기관이 이미 채택했던 제안과 내용이 동일한 것.
다. 접수하려는 기관이 이미 시행 중인 사항이거나 기본 구상이 이와 유사한 것.
라. 일반 통념상 적용하기 어렵다고 판단되는 것.
마. 단순한 주의환기ㆍ진정(陳情)ㆍ비판 또는 건의이거나 불만의 표시에 불과한 것.
바. 특정 개인ㆍ단체ㆍ기업 등의 수익사업과 그 홍보에 관한 것.
사. 국가나 지방자치단체의 사무에 관한 사항이 아닌 것.

2. 현재 귀하께서 접수하신 제안은 '다. 접수하려는 기관이 이미 시행 중인 사항이거나 기본 구상이 이와 유사한 것'에 해당되어 본 제안을 비제안 처리하고자 합니다.
※ 2022년부터 청주공항 순환 셔틀버스를 운영중(여객청사-제3,4주차장-제2주차장- 청주공항역)

3. 귀하의 소중한 제안을 비제안 처리함을 양해하여 주시기 바라며, 궁금한 사항이 있을 시 충청북도 관광항공과 신영선주무관(043-220-3993)으로 전화주시면 자세한 내용을 안내해드리겠습니다. 감사합니다.",2022-06-30,충청북도,답변완료
친절한 대중교통운전자 선발 및 인센티브부여로 밝은 사회 만들기,"현황 및 문제점
저는 시내버스를 이용하여 3개월째 출퇴근을 하고 있는 충주시민입니다
2022. 5. 30. 06:50경 충주시내버스회사에서 노은면 대덕리로 가는 142번 버스를 타게되었습니다
저는 버스승차시 항상 기사님들에게 ""안녕하세요""라고 먼저 인사를 하곤합니다
그러나 대부분의 버스기사님들은 묵묵부답
그런데 오늘 아침 버스기사님은 먼저 승객들에게 인사를 하고 하차시에도 안녕히 가세요 라고 인사를 하였습니다
얼마나 기분이 좋은지

버스기사님들의 밝은 인사와 안전한 운전은 시민들을 기분좋게 만듭니다
개선방안
지금 충주시에서는 시민 걷기 프로젝트를 운영하여 당첨자에게 5,000원권 상품권을 증정하여
시민들의 건강향상에 기여하고 있는것으로 알고 있습니다

이처럼 적당한 기간을 두고 친절하고 안전운전하는 대중교통(시내버스와 택시) 기사님들을 제보받아
표창을 하던 작은 선물은 주던 그에 따른 시상을 한다면 먼저 인사하고 웃는 밝은 사회를 만드는데
기여할수 있을것이라고 생각됩니다
기대효과
건강하고 밝은 사회건설에 일조",2022-05-30,"시정발전에 관심을 가져주신 점 감사드리며, 귀하의 가정에 건강과 행복이 가득하시기를 기원합니다. 귀하께서 국민신문고로 제안하신 “친절한 대중교통운전자 선발 및 인센티브 부여로 밝은 사회 만들기” 건에 대한 검토결과를 답변드리겠습니다.

현재 충주시에서는 한해동안 대중교통 발전을 위하여 애쓰고 그 행적이 타의 모범이 되는 운수종사자를 추천받아 연말에 표창을 하고있습니다. 귀하의 의견은 현재 시행되고 있는 사항으로서 부득이 불채택하게 되었음을 양해 부탁드립니다.

귀하의 소중한 의견에 다시 한번 감사드리며, 기타의 궁금하신 사항은 충주시 교통정책과 교통정책팀(850-6314)으로 문의하여 주시면 성심껏 답변드리겠습니다.",2022-07-04,충주시,답변완료
도로 바닥차선 조정 요청,"현황 및 문제점
봉명동 아이파크 후문(덕암로)에서 좌회전 후 내려오다 청주오토샵 지나 신호대기중인
직직 및 좌회전차량으로 인해 바로 우회전을 할 수 없어서 출퇴근시 많이 불편합니다.

개선방안
1. 청주 오토샵앞 해당 중앙차선을 좌측으로 약 20 ~ 30센티만 이동하면 원할한 우회전 차량흐름이 될 수가 있습니다.
참고로 복대동소재 금호어울림 1단지 후문쪽에 상기 내용의 차선이동으로 출퇴근시 우회전이 아주 용이합니다
- 흥덕보건소 임시청사와 금호 어울림 1단지 사이 도로에 적용 시행 중임.

2. 상기사항을 해당 여건 도로에 많이 적용되기를 희망합니다.
- 이처럼 사소한 개선이 주민 편익에 많은 도움이 될 수 있습니다.
기대효과
1. 원할한 교통흐름
2, 무리한 우회전행위로 인해 대기차량과 접촉 방지",2022-05-27,"1. 귀하의 건강과 행복을 기원합니다.
2. 안녕하십니까? 귀하께서 국민신문고를 통해 신청하신 제안(신청번호 1AB-2205-0016304)에 대한 검토 결과를 다음과 같이 알려드립니다.
3. 귀하의 제안내용은 '흥덕구 봉명동 2457번지 일원 우회전 차량의 원활한 흐름을 위한 차로 조정(중앙선 이설) 요청‘에 관한 것으로 이해됩니다.
4. 귀하의 제안사항에 대해 검토한 의견은 다음과 같습니다.
- 중앙선 이설과 관련하여 교통안전시설 관련 기관인 흥덕경찰서와 협의한 결과 타당한 것으로 검토되어 조속히 중앙선 이설을 추진할 계획임을 알려드립니다.
5. 답변 내용에 대한 추가 설명이 필요한 경우 청주시 도로사업본부 지역개발과 박상욱 주무관(☏043-201-2733)에게 연락주시면 친절히 안내해 드리도록 하겠습니다.",2022-06-27,청주시,제안실현
제천시외버스터미널에 고객물품보관함 설치해주세요..,"현황 및 문제점
* 현실태
타 도시들의 터미널은 산뜻하고, 쾌적하며, 쇼핑센터부터 음식점, 오락실, 고객물품보관함까지 설치돼 있어, 고객들이 매우 편리하고, 차 시간 기다리는 지루함을 없애 줍니다.

* 문제점
반면, 제천시외버스터미널은 외지 여행객들에게도 부끄러운 모습으로 아직도 낙후되어 있으며, 고객물품보관함조차도 없어 시민들도 매우 불편합니다.
개선방안
제천시외버스터미널이 타 도시 터미널처럼 세련된 도시 이미지를 부각하는 공간으로 거듭나길 바라면서, 우선 '고객물품보관함' 10칸이라도 설치바랍니다. 터미널 내 '희망도서관' 자리에 보관함을 설치하는 것도 좋을 듯 싶습니다.
기대효과
시민들이나, 여행객들이 무거운 짐을 고객물품보관함에 안전하게 보관하고, 홀가분한 상태에서 시내 거리 여행이나, 영화 관람 등을 즐길 수 있을 것입니다.",2022-05-26,"1. 안녕하십니까? 제안 참여에 감사드리며 귀하의 제안에 대해 다음과 같이 회신해 드립니다.
2. 장애란님께서는 ‘시외버스터미널에 고객물품보관함 설치’를 제안해주셨습니다.
3. 귀하께서 제안하신 사항을 검토한 결과는 다음과 같습니다.
- 시외버스터미널에 고객물품보관함 설치는 10여년 전쯤에 설치 운영하였으나 관리상 여러 가지의 어려움 등으로 철거한 상태입니다. 시외버스 터미널 운영자의 의견수렴 결과 고객물품보관함 재설치는 계획하고 있지 않음을 알려드립니다.
4. 이 밖의 문의사항은 교통과 (043-641-6333)으로 연락주시면 성심성의껏 답변해 드리겠습니다. 감사합니다.",2022-06-09,제천시,답변완료
국가기관 도로공사 실명제 실시,"현황 및 문제점
ㅇ 현황 지방자치단체에서 공사시 공사발주자 안내 없음
- 발주자 : ㅇㅇ시청 도로과 만 표시
ㅇ 문제점 : 하청업체 민원사례 발생시 발주처 안내 미흡
- 하청업체의 민원안내 미흡으로 불만에 불만 초래
- 하청업체 민원응대 부족으로 주민과 갈등 가중
- 발주처의 하청업체의 친절 서비스 교육 부족(미실시)
ㅇ 공사안내판이 작업장소에 근처에 설치 형식적인 공사안내
개선방안
ㅇ 공사안내시 발주처 부서명 공사감독자 실명과 연락처 기재
- 예시 : ㅇㅇ 시청 도로과 공사감독자 성명 전화번호
ㅇ 공사현장 협력업체 민원응대 교육 실시
- 특히, 트럭운전자 교육실시여부 점검
- 하청업체의 불성실한 민원응대 발생시 패널티 제재
ㅇ 주민불편 내용 신고시 발주청 신속해결
ㅇ 공사현장 민원발생시 지방 지자체 평가에 반영
기대효과
ㅇ 공사현장에서 민원발생 조기 해결
ㅇ 협력업체 서비스 마인드 제고, 특히 트럭업체
ㅇ 지방지자체 주민 친절 응대 능력 제고",2022-05-23,"국민신문고 국민제안(1AB-2205-0013435)으로 접수된 사항에 대하여 아래와 같이 답변하고자 합니다.

▣답 변 내 용

귀하께서 제안해주신 『국가기관 도로공사 실명제 실시』에 대해서 검토한 결과는 다음과 같습니다.

1. 공사 안내 시 발주처, 부서명, 공사감독자 실명과 연락처 기재
o건설산업기본법 시행규칙 제32조 제1항의 규정에 따라 공사 관련 사항을 현장 에 게시

2. 공사현장 협력업체 민원응대 교육 실시 및 주민불편 내용 신고시 발주청 신속해결
o건설현장 대리인으로 하여금 안전교육과 병행하여 친절교육 실시, 민원 발생 시 발주청과 현장대리인 간 협의하여 신속 해결

3. 하청업체의 불성실한 민원응대 발생 시 패널티 제재 및 공사현장 민원 발생 시 지방 지자체 평가에 반영
o공사현장 민원발생시 지자체평가 패널티 부여에 대한 관련규정이 없어 직접적용이 어려우나 건설산업기본법에 따라 벌점부과 기준에 해당할 경우 업체에 벌점을 부여하고 있음

해당 제안은 위와 같은 이유로 채택하기 어려움을 양해하여 주시기 바랍니다.
시정 발전을 위해 관심을 가져주셔서 감사드리며, 귀하의 건승과 행복을 기원합니다.


붙임 민원신청서1부. 끝.",2022-07-01,충주시,답변완료
시내버스정류장 의자 각각 접이식의자로 교체바랍니다..,"현황 및 문제점
* 현황

시내버스 정류장 의자는 모두 일렬로 붙어 있는 곳이 많습니다.




* 문제점

눈, 비가 온 다음날, 또 요즘같이 미세먼지가 많은 날에는 시내버스 정류장 의자들이 많이 더러워져, 앉지 않고 서있는 승객, 특히 어르신들도 많습니다.
개선방안
- 제천시 관내 모든 시내버스정류장 의자들을 모두 각각 영화관 의자처럼, 접이식 의자로 교체바랍니다.

- 가장 노후된 시내버스정류장부터 점차적으로, 접이식 의자로 교체하는 방식으로 추진하면 될 것 같습니다.
기대효과
승객들이 훨씬 더 깨끗해진 시내버스 정류장 의자를 이용하며 만족해할 것이며, 관리도 더 수월할 것입니다.

그리고, 각 읍면동마다 새마을회원분들이 시내버스 정류장 청소봉사활동을 많이 하는데, 고마운 그 분들의 노고도 많이 덜어드릴 수 있을 것이라 생각합니다.",2022-05-20,"1. 안녕하십니까? 제안 참여에 감사드리며 귀하의 제안에 대해 다음과 같이 회신해 드립니다.
2. 장애란님께서는 ‘시내버스 정류장 의자 접이식 의자로 교체’를 제안해주셨습니다.
3. 귀하께서 제안하신 사항을 검토한 결과는 다음과 같습니다
- 시내버스 정류장에 접이식 의자를 설치하는 경우에도 여전히 청소 등의 관리가 필요할 것입니다.
- 우리시에는 현재 527개의 유개승강장이 있습니다. 관내 모든 승강장의 의자를 접이식으로 교체하기 위해선 많은 교체비용이 소요될 것으로 예상되어 예산확보가 필요한 상황이며 중장기적 검토가 필요한 사업입니다.
- 현재 읍면동에 버스승강장 청소 예산을 재배정하고 있으므로 읍면동에서 내실있는 버스승강장 청소가 이루어질 수 있도록 협조 요청을 하도록 하겠습니다.
4. 이 밖의 문의사항은 교통과 (043-641-6333)으로 연락주시면 성심성의껏 답변해 드리겠습니다. 감사합니다.",2022-06-09,제천시,답변완료
청주시 코로나 가족안심숙소 마련을 요구합니다.,"현황 및 문제점
가족 코로나 확진으로 재택 치료로 인해 동거인 중 기저질환으로 백신접종을 하지 못한 가족이 있습니다.
따로 분리가 어려워 숙소를 여기저기 알아보고 어려움을 겪고 있습니다. 서울과 대구 지역은 발빠르게 가족 안심숙소를 마련하여 앱으로 신청을 받아 무료로 이용하게 해주고 있던데 청주시도 시민을 위한 질병복지를 추진해주었으면 강력히 요구합니다.
개선방안
서울과 대구 지역은 발빠르게 가족 안심숙소를 마련하여 앱으로 신청을 받아 무료로 이용하게 해주고 있던데 청주시도 시민을 위한 질병복지를 추진해주었으면 강력히 요구합니다.
기대효과
가족간 코로나 감염을 막아서 더이상 확산되지 않도록 할 수 있습니다.",2022-05-20,"1. 안녕하십니까? 우리시 방역행정에 관심을 갖고 고견을 내어 주신 데 대해 감사드립니다. 귀하의 ‘코로나 확진자 가족 안심숙소 운영 건의’에 대해 검토한 결과, 송구하오나 아래와 같은 사유로 즉시 시행이 어렵다고 판단됩니다.

가. 정부의 방역기조와 일치하지 않음
1) 사회적 거리두기(~2022.4.) → 단계적 일상회복 → 포스트오미크론 ‘준비기’→ 포스트오미크론 ‘이행기’(현재) → 포스트오미크론 ‘안착기’(예정)
2) 정부의 방역기조는 위와 같은 흐름을 거치면서 정부의 통제는 줄이고 국민의 자율적 방역 참여를 확대하는 방향으로 개편되어 왔습니다.
3) 현재(6월 2일) 기준 포스트오미크론 ‘이행기’중에 있으며, 머지않아 ‘안착기’ 에 돌입하게 되면 코로나 확진시 격리 의무까지 해제될 예정입니다.

나. 유사한 제도를 현재 시행중임
1) 재택치료가 어려운 주거취약계층(기초생활수급자, 장애인)에 대해서는 병상배정, 돌봄서비스 제공 등 생활보장을 하여 드리고 있습니다.
2) 해외입국자 가족의 경우에 한하여 6개 관광호텔과 안심숙소 협약을 맺어 숙박료를 일부 인하하여 드리고 있습니다.

다. 코로나19 관련시설 운영이 전국적으로 종료되는 추세임
1) 최근 확진자가 감소하고, 재택치료 체계가 정착되며 동네병의원에서 진단검사 및 약처방이 가능해지는 긍정적인 변화가 있었습니다.
2) 따라서 재택치료가 어려우신 분들을 위해 운영되었던 전국 생활치료센터 12곳이 5월 31일자로 모두 운영이 종료되었습니다.
3) 귀하께서 예시로 말씀하신 서울과 대구의 안심숙소는 운영을 이미 종료한 것으로 확인됩니다.
※ 서울시 안심숙소 : 5월 24일 종료(2개소) / 대구시 안심숙소 : 5월 1일 종료(5개소)
※ 기타시군 : 경기 수원 5.13. / 경기 이천 4.20. / 충남 금산 4.27. / 경남 진주 4.1. 종료

2. 상기와 같이 우리시 주관으로 숙박시설을 신규 운영하는 것은 현재 시점에서 적절하지 않다고 판단됩니다. 귀하의 제안대로 별도 숙박시설이 있다면 가족 간 감염을 방지하는 효과가 있을 것입니다. 다만 즉시 시행이 어려운 사항임을 너그러이 이해하여 주시기 바라며, 추후라도 도입 필요성이 확대될 경우 귀하의 제안을 적극 참고하도록 하겠습니다.

3. 좋은 의견 내어 주셔서 다시 한번 감사드리며, 다른 궁금하신 사항이 있을 경우 문의하여 주시기 바랍니다. 끝.",2022-06-03,청주시,답변완료
아파트 설치된 전기차 충전 주차장 한시적 이용건,"현황 및 문제점
현재 아파트 내부에 설치된 공동 전기 주차 충전소가 한동에 4개씩 설치되어 있는데 일반 차량들은 주차장이 없어서 도로나 갓길에 주차하게 되어 또다른 2차 사고가 우려됩니다.
개선방안
현재 아파트 내부에 설치된 공동 전기 주차 충전소가 한동에 4개씩 설치되어 있는데 밤(저녁) 10시부터 오전 8시까지 일반 차량들도 주차 가능하게 하였음 합니다. 밤(저녁)10시 이후로오전8시까지 전기 충전주차장은 많이 비어(공석) 있습니다.
기대효과
밤(저녁)10시부터 다음날 아침(오전) 8시 까지 이 시간때에 전기 주차장을 일반 자동차도 활용 한다면 주차난을 조금 이라도 해소 될까 이렇게 제안 합니다.",2022-05-19,"1. 안녕하십니까? 우리시 방역행정에 관심을 갖고 고견을 내어 주신 데 대해 감사드립니다. 귀하의 ‘코로나 확진자 가족 안심숙소 운영 건의’에 대해 검토한 결과, 송구하오나 아래와 같은 사유로 즉시 시행이 어렵다고 판단됩니다.

가. 정부의 방역기조와 일치하지 않음
1) 사회적 거리두기(~2022.4.) → 단계적 일상회복 → 포스트오미크론 ‘준비기’→ 포스트오미크론 ‘이행기’(현재) → 포스트오미크론 ‘안착기’(예정)
2) 정부의 방역기조는 위와 같은 흐름을 거치면서 정부의 통제는 줄이고 국민의 자율적 방역 참여를 확대하는 방향으로 개편되어 왔습니다.
3) 현재(6월 2일) 기준 포스트오미크론 ‘이행기’중에 있으며, 머지않아 ‘안착기’ 에 돌입하게 되면 코로나 확진시 격리 의무까지 해제될 예정입니다.

나. 유사한 제도를 현재 시행중임
1) 재택치료가 어려운 주거취약계층(기초생활수급자, 장애인)에 대해서는 병상배정, 돌봄서비스 제공 등 생활보장을 하여 드리고 있습니다.
2) 해외입국자 가족의 경우에 한하여 6개 관광호텔과 안심숙소 협약을 맺어 숙박료를 일부 인하하여 드리고 있습니다.

다. 코로나19 관련시설 운영이 전국적으로 종료되는 추세임
1) 최근 확진자가 감소하고, 재택치료 체계가 정착되며 동네병의원에서 진단검사 및 약처방이 가능해지는 긍정적인 변화가 있었습니다.
2) 따라서 재택치료가 어려우신 분들을 위해 운영되었던 전국 생활치료센터 12곳이 5월 31일자로 모두 운영이 종료되었습니다.
3) 귀하께서 예시로 말씀하신 서울과 대구의 안심숙소는 운영을 이미 종료한 것으로 확인됩니다.
※ 서울시 안심숙소 : 5월 24일 종료(2개소) / 대구시 안심숙소 : 5월 1일 종료(5개소)
※ 기타시군 : 경기 수원 5.13. / 경기 이천 4.20. / 충남 금산 4.27. / 경남 진주 4.1. 종료

2. 상기와 같이 우리시 주관으로 숙박시설을 신규 운영하는 것은 현재 시점에서 적절하지 않다고 판단됩니다. 귀하의 제안대로 별도 숙박시설이 있다면 가족 간 감염을 방지하는 효과가 있을 것입니다. 다만 즉시 시행이 어려운 사항임을 너그러이 이해하여 주시기 바라며, 추후라도 도입 필요성이 확대될 경우 귀하의 제안을 적극 참고하도록 하겠습니다.

3. 좋은 의견 내어 주셔서 다시 한번 감사드리며, 다른 궁금하신 사항이 있을 경우 문의하여 주시기 바랍니다. 끝.",심사 중,청주시,제안심사
"옥천군의 노인분들께 쓰레기와 쓰레기분류, 환경 교육","현황 및 문제점
옥천군의 여러 노인분들은 쓰레기 무단 불법 소각의 자세한 문제점을 모르고 계신 상태로 행하시고 있고, 쓰레기 분리수거 방법을 제대로 모르시는 분들이 계신다. 연령에 따라 충분히 이해될 수 있는 문제이기 때문에 미래의 사람들과 지구를 위해 쓰레기 분리수거 방법과 쓰레기를 소각하면 안되는 이유, 쓰레기를 신경 쓰지 않고 그냥 버렸을 때의 환경의 결과와 쓰레기 무단 불법 소각이 환경에 끼치는 결과를 제대로 알려드려야 할 것 같다.
개선방안
쓰레기 재활용의 개념, 쓰레기분류방법, 쓰레기를 분류하지않고 함부로 버리셨을때 그 행동이 환경에 끼치는 문제점과
쓰레기를 소각하면 안되는 이유, 쓰레기무단불법소각이 환경에 끼치는 문제점과 이 문제들이 미래까지 계속 행해졌을때의 우리모두의 미래결과에 대해 노인분들께 알려드려야한다. 마을에게신 노인분들은 이장님이 노인분들께 이것에대해 방송을 해주시거나, 마을회관에 모이셔서 이 제안을 교육받으시고, 아파트나 빌라같은 옥천에 시내에 사시는 분들은 아파트 방송으로 모든 노인분들이 이 문제에 관련하여 제대로된 내용을 숙지하실 수 있어야한다.
기대효과
옥천군의 쓰레기 분리배출이 전보다 깔끔하게 분리배출됨, 쓰레기 불법 무단소각으로 인한 대기오염, 환경오염이 없어진다. 이 두 가지가 전부 없어지지 않더라도 옥천군의 노인분들께 환경보호의 개념을 알려드리는 것 자체가 의미가 있다.",2022-05-15,"- 안녕하십니까? 옥천군 군정발전을 위해 제안해주셔서 감사합니다.
- 귀하께서 제안해주신 노인분들께 쓰레기와 쓰레기분류, 환경 교육에 대하여 검토한
결과 저희군은 생활쓰레기 분리배출 교육을 통한 주민의식 개선 및 올바른 분리
배출로 깨끗한 환경보전에 기여하기 위하여 2021년에는 읍.면별 순회교육
10회를 실시하였고 금년 하반기에도 주민들을 대상으로 순회 환경교육을 실시
할 예정입니다. 하반기에 실시 할 교육에는 노인분들이 많이 참여할 수 있도록
적극 홍보하겠습니다.
- 이에 부득이하게 귀하의 제안을 불채택하오니 이점 양해 부탁드리며,
귀하의 가정에 행복이 가득하길 기원합니다.
감사합니다.",2022-05-18,옥천군,답변완료
가로수성장을 저해하는 철제받침대,"현황 및 문제점
가로수가 성장해감에 따라 그뿌리도
함께 성장하는데, 매년 가로수를 전지하고,
수년에 한번씩은 보도블럭도 정리하는듯
합니다. 헌데 가로수뿌리목에 받쳐놓은
그받침대(쇠.시멘트등)은 그대로여서 나무뿌리에 먹히고,들뜨곤한상태임
개선방안
가로수에 오래된 쇠덩어리받침대등을
제거하여 수목의 원활한 성장과 도시미관도
함께 꾸며주셨으면 합니다
기대효과
수목의 원활한 성장
수목주변의 도시미관 환경조성
수목주변의 보도블럭(돌출)안전사고 예방",2022-05-14,"- 가로수 보호덮개는 보행자나 기타 요인으로부터 수목 손상을 막아주고, 흙의 다짐을 방지하기하여 뿌리의 원활한 생육을 돕기 위해 설치하고 있습니다.
- 우리시의 보행도로는 폭이 협소하여 가로수 생육환경이 좋지 않아 이를 개선하기 위한 보호덮개 사업을 보행량이나 보행폭 등을 고려하여 지속적으로 추진중에 있습니다.
- 이점 양지하여 주시고 가로수 생육환경을 위해 노력하도록 하겠습니다.

붙임 국민제안신청서 1부. 끝.",2022-06-20,청주시,답변완료
행복택시,"현황 및 문제점
행복택시각동네정류장까지안와문제
개선방안
행복택시각동네정류장까지오고수급자집앞까지오고직게가족사용할수있게강화개선
기대효과
불편등복지사각지대등환자사용등",2022-05-13,"1. 먼저 군정에 대한 깊은 관심을 가져 주심에 감사의 말씀드립니다.
2. 귀하께서 국민신문고로 신청하신 제안사항에 대하여 아래와 같이 답변드립니다.
가. 제안내용: 행복택시 대상자 확대
나. 채택여부: 불채택
다. 검토결과: 현재 진천군에서 운영중인 행복택시 운행 사업은 농어촌 버스 미운행 지역 중 대상 조건에 부합하는 마을을 대상마을로 선정하고 있음. 대상마을 주민들의 교통복지 증진을 목적으로 운영되고 있는 사업으로, 조례로 이용 대상을 마을 주민으로 한정하고, 각 마을별 월 120회 제한 운행하고 있어 직계가족까지 이용대상을 확대하는 것은 부적절하다고 판단됨.
3. 귀하의 소중한 제안에 감사드리며 기타 문의사항은 진천군 건설교통과 교통행정팀 송민재(☎043-539-3727)(으)로 연락주시면 친절히 안내해 드리도록 하겠습니다. 감사합니다.",2022-06-03,진천군,답변완료
안녕하세요 충주시 호암지관리방안 제안하려 합니다.,"현황 및 문제점
현제 충주시 호암지는 수질관령 문제로 낚시 금지구역으로 지정되 있습니다,.
물론 수징관리도 중요하지만 호암지 내 생태 교란종인 배스와 블루길이 바글바글 합니다.
또한 낚시 금지임에도 몰래 낚시하시는 분들도 계시고요. 쓰레기도 곳곳에 있습니다.
간혹 공공근로 하시는 분들은 청소도 안하시고 계속 쉬고 계시는것도 종종 확인됩니다.
개선방안
낚시금지를 해지하시고 허가제 낚시 허용으로 변경. 한달에 2만원정도의 비용을 지불하고 허가증을 발급하여 한달기간동안 배스 및 블루길을 35마리 이상 잡아오시는 분께 허가비용의 50프로를 환급해주는것 입니다.
허가증 확인과 불법 낚시 단속,청결조성관리는 충주시 공공 근로 신청하여 일하시는분들이 단속을 하시고 현제는 불법낚시 신고시 낚시하시는 분에게만 과태료가 부가되었으나 신고자에게도 신고 포상금을 지급하는것도 좋은거 같습니다, 포상금은 과태로의 10프로 지급이고요
기대효과
1. 호암지 내 생태교란종 퇴치
2. 공공근로 일자리 창출
3. 불법행위 예방
4. 호암지 청결유지",2022-05-12,"국민신문고에 접수된 제안에 대한 심사 결과에 대하여 붙임과 같이 답변하고자 합니다

1. 신청번호 : 1AB-2205-0008269
2. 접수번호 : 2AB-2205-0007803
3. 접수일자 : 2022.05.12.
4. 민 원 인 : 김*완
5. 제안요지 : 호암지 관리 방안(낚시 허가제)

붙임 국민신문고 답변서 1부. 끝",2022-06-10,충주시,답변완료
IT기술 접목한 수요응답버스(DRT) 실시하면 좋겠습니다..,"현황 및 문제점
* 현황

경기도 파주시는 지난해 12월부터, IT기술 접목한 신개념 새로운 대중교통수단 ‘수요응답버스(DRT. Demand Responsive Transport)’를 운행하고 있습니다.
DRT는 스마트폰 앱으로 출발지와 도착지를 예약하면 AI(인공지능)를 이용해 실시간 최적의 노선을 만들어 운행하는 버스입니다.
경기도형 DRT는 일부 지자체에서 운영하고 있는 택시형 DRT와 달리, 기존 대중교통수단과 환승할인, 시내버스 요금체계 등이 적용된다고 합니다.




* 문제점

제천시에서는 아직 이러한 수요응답버스를 못본 것 같습니다.
개선방안
제천시도 IT기술 접목한 수요응답버스(DRT) 정책을 벤치마킹해 실시하면 좋겠습니다.
기대효과
DRT를 통해 이제는 버스도 부르면 오는 시대가 됨으로써, 시민들에게 더 편리하고 차별화된 대중교통서비스를 제공할 수 있고, 오지에 사는 어르신들이나 주민들이 매우 좋아할 것이라고 생각합니다.


특히, 승용차 운행 횟수도 줄일 수 있는 계기가 되어, 에너지 절약과 더불어, 2050탄소중립정책에도 한 발 다가갈 수 있을 것이라고 생각합니다.",2022-04-28,"1. 안녕하십니까? 제안 참여에 감사드리며 귀하의 제안에 대해 다음과 같이 회신해 드립니다.
2. 장애란님께서는 ‘IT 기술을 접목한 수요응답버스(DRT) 실시’을 제안해주셨습니다.
3. 귀하께서 제안하신 사항을 검토한 결과는 다음과 같습니다
- 수요응답형 교통체계는 수요가 거의 없는 지역과 버스가 자주 다니는 지역(읍·면소재지 등) 간을 왕복하며, 시내까지 나가려면 추가적으로 버스를 갈아타야 하는 허브 앤 스포크(Hub and Spoke) 방식으로 운행합니다. 따라서 추가적으로 버스를 갈아탈 시 지선버스에서 간선버스로 이어지는 환승이 잘 이뤄줘야 수요응답버스가 활성화 될 수 있습니다.
- 환승이 유기적으로 이뤄지기 위해서는 시내버스 운수회사의 협조를 통한 노선 개편이 선행되어야 하며, 또한 IT 기술을 접목한 수요응답버스를 운행하기 위해서는 사전 검토 및 예산확보가 필요하기 때문에 중장기적으로 검토할 필요가 있다 판단됩니다.
4. 이 밖의 문의사항은 교통과 (043-641-6333)으로 연락주시면 성심성의껏 답변해 드리겠습니다. 감사합니다.",2022-05-20,제천시,답변완료
충주시립도서관 철봉 설치를 건의합니다.,"현황 및 문제점
충주시립도서관은 오랜 시간 동안 충주 시민의 지적 성장을 위해 많은 편의를 제공해 왔습니다. 저 또한 어린 시절 도서관 주위를 뛰어놀다가 심심하면 책을 읽기도 했던 기억이 새록새록 납니다. 하지만 재개발이 시작되자 도서관 옆에 자리 잡고 있던 운동 시설들은 철거되었고 많은 아쉬움을 자아냈습니다.

충주시립도서관은 평일에도 많은 취준생, 휴학생들이 머무는 곳입니다. 그들에게 필요한 것은 공부할 수 있는 여건과 이를 환기할 수 있는 쉼터입니다. 하지만 몸을 풀 수 있는 시설이 1개도 없다는 것은 너무나 아쉬운 부분입니다.

저 뿐만 아니라 여러 시민들이 이 점을 아쉬워했고 이를 반영해 철봉 설치를 충주시청에 건의합니다.
개선방안
충주시가 이를 시정하지 않는 이유 중 하나는 아무래도 외관을 해치기 때문일 것입니다.

철봉은 사이즈가 작기 때문에 주변 경관 훼손을 최소화합니다.
그러므로 외곽에 철봉 하나만 세운다면 주변 경관을 해치지 않는 선에서 시민들에게 운동 편의 시설을 제공할 수 있습니다.
기대효과
1. 제가 많은 운동 시설 중 철봉을 선택한 이유는 야외 운동 시설 중 가장 운동 효과가 크기 때문입니다. 또한 설치 비용이 저렴하고 한번 설치한다면 추가적인 수리비나 유지비가 들지 않기에 향후 도서관의 이전 계획이 없다면 영구적인 사용이 가능합니다.
그리고 사이즈가 작기 때문에 주변 경관 손상을 최소화합니다.

2. 운동이 두뇌 활동에 유의미한 영향을 준다는 논문이 있습니다. 철봉 설치는 시민들의 지적 활동에서 긍정적인 영향을 줄 것입니다.

3. 책을 읽지 않더라도 철봉을 하기 위해 들리는 외부인의 수가 많아 집니다. 이는 향후 도서관 이용자 수 증가를 도울 것입니다.",2022-04-26,"국민신문고로 접수된 국민제안(1AB-2204-0015367)에 대하여 아래와 같이 답변하고자 합니다.

신청경로
국민신문고
제 목
충주시립도서관 철봉 설치를 건의합니다.
신청번호
1AB-2204-0015367
신청일시
2022-04-26 15:39:52
제 안 인
윤홍천
답변기한
2022-05-26 23:59:59
제안내용
충주시립도서관 철봉 설치를 건의합니다.
답변내용
○ 안녕하십니까? 귀하께서 국민신문고를 통해 신청하신 제안에 대한
검토 결과를 다음과 같이 알려드립니다.
○ 현재 시립도서관 예성공원은 공원면적대비 공원시설 부지면적이 100분의 40으로 포화상태입니다.
○ 도시공원 및 녹지 등에 관한 법률 시행규칙에 따르면 공원면적대비 공원시설은 부지면적 100분의 40이하를 유지하도록 명시되어 있습니다.
현상황에서는 공원시설 추가설치는 불가함을 알려드립니다.
○ 답변과 관련하여 더 궁금한 사항이 있으실 경우 시립도서관 도서관
정책팀 김영구주무관(043-850-3973)으로 연락주시면 친절히
안내드리겠습니다. 감사합니다.
채택여부
불채택


붙임 국민제안신청서. 끝.",2022-05-25,충주시,답변완료
신규마을 조성사업 추진 제안,"현황 및 문제점
현재 농촌의 인구는 급격히 저하되고 있으며 향후 지역사회의 존폐가 걱정될 수준일 것으로 예상되고 있고,
귀농 귀촌을 위한 다양한 인구유입 정책을 추진하고 있으나, 그 효과가 여전히 부족한 실정임
개선방안
중앙정부에서 사업비를 매칭하여(보통 50~70%) 지원 받는, 신규마을조성사업(전원주택지 개발후 외지인에게 분양)을
인근 무주군, 영동군, 진안군 등에서 대부분 추진하였거나, 현재 추진중에 있습니다
옥천의 경우도 이런 신규마을 조성사업을 추진하기 적합한 위치적 조건을 갖추고 있으므로
신규마을 조성 사업 추진시 태양광 발전 등 자체 신재생에너지 발전원을 조합하여 추진할 경우
직접적으로 인구 유입에 유리하므로 꼭 추진이 필요하다고 생각되어 제안합니다
기대효과
옥천은 인근에 대도시(대전 등)가 있어 본 제안 추진시, 타농촌지역 보다 유리한 조건이라 인구유입에 더욱 유리하며,
클린 옥천에 대한 홍보 효과 등을 유발할 수 있고, 옥천 발전에 기여할 것으로 생각됨",2022-04-26,"국민신문고를 통해 신청된 제안((1AB-2204-0015359)에 대한 심사 결과를 붙임과 같이 통보하겠습니다.

붙임 1. 국민제안신청서 1부.
2. 심사결과 1부. 끝",2022-04-28,옥천군,답변완료
불법주정차 없는 충주 만들기,"현황 및 문제점
충주는 다른 지역에 비해 내세울만한 특색이 없는것 같습니다.
어느 누구 모두가 공감할만한 문제를 꼽자면 주정차 문제일텐데요
일본처럼 길거리에 불법주정차 없는도시만들기
대한민국 어느 도시와 대조 될만하고 깨끗한 도시하면 충주라고 말할정도로 바라는데요
개선방안
현재 충주시에서는 동네마다 주차장 확보하는것은 매우 잘하고있습니다
그리고 더 개선했으면 하는것이 안림지구가 개발될 예정인데요 사전에 공영주차장 확보를 넉넉히해서
불법주정차를 사전에 방지하고 수시로 벌금을 부과하여 절대 주정차를 못하게 해주시면 좋겠습니다.
주정차가 많은 곳 위주로 주차장을 넉넉히 확보하고 불법주정차에대해 벌금을 많이 부과바랍니다.
기대효과
깨끗한 도로를 확보함으로써 무엇보다 안전한 거리가 될 것이라고 생각됩니다.",2022-04-22,"❍ 우리시의 주차장 행정에 대한 귀하의 깊은 관심과 소중한 의견 감사드립니다.

❍ 귀하께서 제안하신 “불법주정차 방지를 위하여 안림택지지구 내 공영주차장 조성” 사항에 대하여 아래와 같이 답변드립니다.

❍ 안림택지지구 도시개발사업 관련 부서인 충주시 지역개발과를 통하여 위 사업의 시행 주체는 한국토지주택공사로 현재 행정절차 추진 중이며 지구단위계획상 도시기반시설 용지인 주차장 등을 포함하여 도시개발사업을 추진할 계획임을 확인하였습니다.

❍ 안림택지지구 내 지구단위 계획된 시설용지 등은 매매(분양 등)를 통해 공급될 용지로 주차장 계획 용지 또한 사인(개인, 법인)에게 매매 등을 통해 공급할 계획으로

❍ 안림택지지구 내 공영주차장 조성 건은 추후 사업 시행 주체 등과 협의 등을 거쳐 주차장 용지에 대한 충주시 매입 여부가 가능할 시 향후 공영주차장 조성 등을 적극 검토하겠으며 현재로는 귀하의 제안을 채택하지 못하는 점 양해 바랍니다.

❍ 다시 한번 귀하의 소중한 의견에 감사드리며, 우리시의 주차장 행정에 궁금하신
사항이 있으시면 언제든지 충주시 차량민원과(☎ 043-850-6371)로 연락주시면
상세히 답변드리겠습니다.",2022-04-28,충주시,답변완료
